-- MySQL dump 10.13  Distrib 8.0.17, for Linux (x86_64)
--
-- Host: localhost    Database: tese
-- ------------------------------------------------------
-- Server version	8.0.17

/*!40101 SET @OLD_CHARACTER_SET_CLIENT=@@CHARACTER_SET_CLIENT */;
/*!40101 SET @OLD_CHARACTER_SET_RESULTS=@@CHARACTER_SET_RESULTS */;
/*!40101 SET @OLD_COLLATION_CONNECTION=@@COLLATION_CONNECTION */;
/*!50503 SET NAMES utf8mb4 */;
/*!40103 SET @OLD_TIME_ZONE=@@TIME_ZONE */;
/*!40103 SET TIME_ZONE='+00:00' */;
/*!40014 SET @OLD_UNIQUE_CHECKS=@@UNIQUE_CHECKS, UNIQUE_CHECKS=0 */;
/*!40014 SET @OLD_FOREIGN_KEY_CHECKS=@@FOREIGN_KEY_CHECKS, FOREIGN_KEY_CHECKS=0 */;
/*!40101 SET @OLD_SQL_MODE=@@SQL_MODE, SQL_MODE='NO_AUTO_VALUE_ON_ZERO' */;
/*!40111 SET @OLD_SQL_NOTES=@@SQL_NOTES, SQL_NOTES=0 */;

--
-- Table structure for table `Dialogues`
--

DROP TABLE IF EXISTS `Dialogues`;
/*!40101 SET @saved_cs_client     = @@character_set_client */;
/*!50503 SET character_set_client = utf8mb4 */;
CREATE TABLE `Dialogues` (
  `id` int(10) unsigned NOT NULL AUTO_INCREMENT,
  `src_host_id` int(10) unsigned NOT NULL,
  `dst_host_id` int(10) unsigned NOT NULL,
  `src_ip` varbinary(16) NOT NULL,
  `dst_ip` varbinary(16) NOT NULL,
  `dialogue_start_time` datetime(6) DEFAULT NULL,
  `dialogue_end_time` datetime(6) DEFAULT NULL,
  `dialogue_duration` float unsigned DEFAULT NULL,
  `n_fwd_flows` int(10) unsigned DEFAULT NULL,
  `n_bwd_flows` int(10) unsigned DEFAULT NULL,
  `fwd_flows_rate` float unsigned DEFAULT NULL,
  `bwd_flows_rate` float unsigned DEFAULT NULL,
  `total_flow_duration` float unsigned DEFAULT NULL,
  `mean_flow_duration` float unsigned DEFAULT NULL,
  `std_flow_duration` float unsigned DEFAULT NULL,
  `var_flow_duration` float unsigned DEFAULT NULL,
  `max_flow_duration` float unsigned DEFAULT NULL,
  `min_flow_duration` float unsigned DEFAULT NULL,
  PRIMARY KEY (`id`),
  UNIQUE KEY `uniq_dialogue_id` (`src_ip`,`dst_ip`) COMMENT 'Make dialogue id (ip1-ip2) unique.',
  KEY `fk_host_src_dialogue_idx` (`src_host_id`),
  KEY `fk_host_dst_dialogue_idx` (`dst_host_id`),
  CONSTRAINT `fk_host_dst_dialogue` FOREIGN KEY (`dst_host_id`) REFERENCES `Hosts` (`id`) ON DELETE CASCADE ON UPDATE CASCADE,
  CONSTRAINT `fk_host_src_dialogue` FOREIGN KEY (`src_host_id`) REFERENCES `Hosts` (`id`) ON DELETE CASCADE ON UPDATE CASCADE
) ENGINE=InnoDB AUTO_INCREMENT=21525 DEFAULT CHARSET=utf8mb4 COLLATE=utf8mb4_0900_ai_ci;
/*!40101 SET character_set_client = @saved_cs_client */;

--
-- Dumping data for table `Dialogues`
--

LOCK TABLES `Dialogues` WRITE;
/*!40000 ALTER TABLE `Dialogues` DISABLE KEYS */;
INSERT INTO `Dialogues` VALUES (21434,93299,93300,_binary '192.168.64.22',_binary '52.35.186.10','2019-09-03 09:56:36.286512','2019-09-03 09:58:23.328585',107042,1,0,0.00934212,0,107.042,107.042,0,0,107.042,107.042),(21435,93299,93301,_binary '192.168.64.22',_binary '216.58.201.174','2019-09-03 09:56:36.336486','2019-09-03 10:02:38.149072',361813,3,0,0.00866686,0,346.146,115.382,81.547,6649.91,173.534,0.0586421),(21436,93299,93302,_binary '192.168.64.22',_binary '172.217.16.238','2019-09-03 09:56:36.351863','2019-09-03 09:56:36.410150',58.2874,1,0,17.1564,0,0.0582874,0.0582874,0,0,0.0582874,0.0582874),(21437,93299,93303,_binary '192.168.64.22',_binary '216.58.211.54','2019-09-03 09:56:36.592043','2019-09-03 10:03:17.153706',400562,2,0,0.00550841,0,363.081,181.541,2.24012,5.01816,183.781,179.3),(21438,93299,93304,_binary '192.168.64.22',_binary '216.58.211.42','2019-09-03 09:56:36.604201','2019-09-03 09:59:29.733451',173129,4,0,0.0117349,0,340.865,85.2162,85.162,7252.56,170.469,0.0372629),(21439,93299,93305,_binary '192.168.64.22',_binary '172.217.16.225','2019-09-03 09:56:36.638632','2019-09-03 09:59:46.612431',189974,16,0,0.039917,0,400.832,25.052,96.6163,9334.71,399.245,0.0108379),(21440,93299,93306,_binary '192.168.64.22',_binary '172.217.16.237','2019-09-03 09:56:36.746855','2019-09-03 10:03:17.153509',400407,2,0,0.00501464,0,398.832,199.416,28.2727,799.343,227.689,171.144),(21441,93299,93307,_binary '192.168.64.22',_binary '216.58.214.163','2019-09-03 09:56:37.221909','2019-09-03 10:02:35.147973',357926,6,0,0.00825351,0,726.963,121.161,87.03,7574.21,214.372,0.00901514),(21442,93299,93308,_binary '192.168.64.22',_binary '172.217.168.163','2019-09-03 09:56:37.658364','2019-09-03 10:00:03.852852',206194,1,0,0.00484979,0,206.194,206.194,0,0,206.194,206.194),(21443,93299,93309,_binary '192.168.64.22',_binary '216.58.201.163','2019-09-03 09:56:37.973621','2019-09-03 09:59:51.847079',193873,7,0,0.00927372,0,754.821,107.832,42.7829,1830.38,140.907,5.13766),(21444,93299,93310,_binary '192.168.64.22',_binary '172.217.17.14','2019-09-03 09:56:38.089185','2019-09-03 09:59:29.748331',171659,5,0,0.0292267,0,171.076,34.2153,68.293,4663.93,170.801,0.0564739),(21445,93299,93311,_binary '192.168.64.22',_binary '195.8.11.143','2019-09-03 09:56:44.263884','2019-09-03 09:58:24.346638',100083,4,0,0.0223851,0,178.69,44.6726,24.6033,605.324,87.2866,30.3388),(21446,93299,93312,_binary '192.168.64.22',_binary '172.217.17.1','2019-09-03 09:56:44.853329','2019-09-03 09:57:13.781632',28928.3,3,0,0.0149158,0,201.129,67.043,94.7235,8972.54,201.002,0.0572571),(21447,93299,93313,_binary '192.168.64.22',_binary '172.217.16.226','2019-09-03 09:56:45.001884','2019-09-03 09:57:14.468015',29466.1,9,0,0.0250821,0,358.821,39.869,74.4713,5545.97,179.37,0.0513447),(21448,93299,93314,_binary '192.168.64.22',_binary '195.8.11.16','2019-09-03 09:56:45.026453','2019-09-03 09:57:18.579917',33553.5,2,0,0.024555,0,81.4498,40.7249,7.1715,51.4305,47.8964,33.5534),(21449,93299,93315,_binary '192.168.64.22',_binary '216.58.211.34','2019-09-03 09:56:45.205132','2019-09-03 10:03:24.721053',399516,6,0,0.0150058,0,399.845,66.6408,148.859,22158.9,399.499,0.0484509),(21450,93299,93316,_binary '192.168.64.22',_binary '35.167.81.14','2019-09-03 09:56:48.592420','2019-09-03 09:57:12.143389',23551,2,0,0.165067,0,12.1163,6.05814,0.0629083,0.00395746,6.12105,5.99523),(21451,93299,93317,_binary '192.168.64.22',_binary '192.30.253.113','2019-09-03 09:56:48.652957','2019-09-03 09:56:49.908933',1255.98,1,0,0.796194,0,1.25598,1.25598,0,0,1.25598,1.25598),(21452,93299,93318,_binary '192.168.64.22',_binary '93.184.220.29','2019-09-03 09:56:48.882208','2019-09-03 09:59:09.884769',141003,1,0,0.00709207,0,141.003,141.003,0,0,141.003,141.003),(21453,93299,93319,_binary '192.168.64.22',_binary '185.199.111.154','2019-09-03 09:56:49.395737','2019-09-03 09:59:39.921763',170526,7,0,0.0204997,0,341.469,48.7812,76.9783,5925.66,170.525,0.0346628),(21454,93299,93320,_binary '192.168.64.22',_binary '172.217.168.170','2019-09-03 09:56:49.610706','2019-09-03 09:59:39.897238',170287,1,0,0.00587245,0,170.287,170.287,0,0,170.287,170.287),(21455,93299,93321,_binary '192.168.64.22',_binary '151.101.36.133','2019-09-03 09:56:49.659650','2019-09-03 10:00:53.167575',243508,5,0,0.00866067,0,577.323,115.465,0.359984,0.129589,116.181,115.245),(21456,93299,93322,_binary '192.168.64.22',_binary '3.224.219.57','2019-09-03 09:56:49.805600','2019-09-03 09:57:50.669801',60864.2,1,0,0.01643,0,60.8642,60.8642,0,0,60.8642,60.8642),(21457,93299,93323,_binary '192.168.64.22',_binary '192.30.253.116','2019-09-03 09:56:49.891658','2019-09-03 09:57:50.352764',60461.1,1,0,0.0165396,0,60.4611,60.4611,0,0,60.4611,60.4611),(21458,93299,93324,_binary '192.168.64.22',_binary '216.58.214.162','2019-09-03 09:56:55.456435','2019-09-03 09:57:15.033970',19577.5,2,0,7.57969,0,0.263863,0.131932,0.0491034,0.00241114,0.181035,0.0828281),(21459,93299,93325,_binary '192.168.64.22',_binary '172.217.168.166','2019-09-03 09:57:02.796178','2019-09-03 10:03:17.150991',374355,2,0,0.00584651,0,342.084,171.042,0.0111895,0.000125204,171.053,171.031),(21460,93299,93326,_binary '192.168.64.22',_binary '104.25.158.7','2019-09-03 09:57:06.199836','2019-09-03 09:59:56.840533',170641,1,0,0.00586027,0,170.641,170.641,0,0,170.641,170.641),(21461,93299,93327,_binary '192.168.64.22',_binary '104.19.198.151','2019-09-03 09:57:06.645289','2019-09-03 09:57:07.910550',1265.26,5,0,0.0280817,0,178.052,35.6104,71.1761,5066.04,177.963,0.0200039),(21462,93299,93328,_binary '192.168.64.22',_binary '45.56.65.7','2019-09-03 09:57:06.676571','2019-09-03 09:59:48.977876',162301,12,0,0.0199898,0,600.307,50.0255,27.7606,770.649,67.0156,0.143012),(21463,93299,93329,_binary '192.168.64.22',_binary '104.27.146.99','2019-09-03 09:57:06.693050','2019-09-03 09:59:57.842408',171149,1,0,0.00584285,0,171.149,171.149,0,0,171.149,171.149),(21464,93299,93330,_binary '192.168.64.22',_binary '195.8.22.57','2019-09-03 09:57:06.983268','2019-09-03 09:59:02.874382',115891,1,0,0.00862879,0,115.891,115.891,0,0,115.891,115.891),(21465,93299,93331,_binary '192.168.64.22',_binary '23.10.69.99','2019-09-03 09:57:07.311663','2019-09-03 09:57:48.439066',41127.4,1,0,0.0243147,0,41.1274,41.1274,0,0,41.1274,41.1274),(21466,93299,93332,_binary '192.168.64.22',_binary '13.225.13.5','2019-09-03 09:57:07.371279','2019-09-03 10:00:04.846349',177475,2,0,0.0058573,0,341.454,170.727,0.257325,0.0662159,170.984,170.47),(21467,93299,93333,_binary '192.168.64.22',_binary '205.185.208.52','2019-09-03 09:57:07.507169','2019-09-03 09:57:17.679136',10172,1,0,0.0983094,0,10.172,10.172,0,0,10.172,10.172),(21468,93299,93334,_binary '192.168.64.22',_binary '95.100.120.32','2019-09-03 09:57:07.898468','2019-09-03 09:57:08.721803',823.335,4,0,0.0970255,0,41.2263,10.3066,17.7723,315.853,41.089,0.0395239),(21469,93299,93335,_binary '192.168.64.22',_binary '151.139.237.11','2019-09-03 09:57:07.962449','2019-09-03 09:59:58.878382',170916,1,0,0.00585083,0,170.916,170.916,0,0,170.916,170.916),(21470,93299,93336,_binary '192.168.64.22',_binary '151.139.128.14','2019-09-03 09:57:08.102803','2019-09-03 09:58:13.718858',65616.1,2,0,0.0147003,0,136.052,68.026,2.90131,8.4176,70.9273,65.1247),(21471,93299,93337,_binary '192.168.64.22',_binary '88.221.65.191','2019-09-03 09:57:08.420736','2019-09-03 09:59:03.875507',115455,1,0,0.0086614,0,115.455,115.455,0,0,115.455,115.455),(21472,93299,93338,_binary '192.168.64.22',_binary '185.33.223.83','2019-09-03 09:57:08.426101','2019-09-03 09:57:18.780575',10354.5,2,0,0.0969101,0,20.6377,10.3188,0.0190511,0.000362946,10.3379,10.2998),(21473,93299,93339,_binary '192.168.64.22',_binary '54.152.236.153','2019-09-03 09:57:08.436725','2019-09-03 10:00:00.943701',172507,1,0,0.00579687,0,172.507,172.507,0,0,172.507,172.507),(21474,93299,93340,_binary '192.168.64.22',_binary '172.217.168.168','2019-09-03 09:57:08.487652','2019-09-03 09:59:58.850819',170363,1,0,0.00586981,0,170.363,170.363,0,0,170.363,170.363),(21475,93299,93341,_binary '192.168.64.22',_binary '52.94.232.33','2019-09-03 09:57:08.488068','2019-09-03 09:58:19.342585',70854.5,1,0,0.0141134,0,70.8545,70.8545,0,0,70.8545,70.8545),(21476,93299,93342,_binary '192.168.64.22',_binary '185.64.189.115','2019-09-03 09:57:08.519864','2019-09-03 09:59:03.906838',115387,1,0,0.00866649,0,115.387,115.387,0,0,115.387,115.387),(21477,93299,93343,_binary '192.168.64.22',_binary '13.225.10.115','2019-09-03 09:57:08.681165','2019-09-03 09:59:39.886973',151206,6,0,0.00687418,0,872.831,145.472,0.26803,0.07184,145.861,145.07),(21478,93299,93344,_binary '192.168.64.22',_binary '74.125.133.154','2019-09-03 09:57:08.750383','2019-09-03 09:59:59.870443',171120,1,0,0.00584385,0,171.12,171.12,0,0,171.12,171.12),(21479,93299,93345,_binary '192.168.64.22',_binary '54.239.26.81','2019-09-03 09:57:09.028073','2019-09-03 09:57:11.471813',2443.74,1,0,0.409209,0,2.44374,2.44374,0,0,2.44374,2.44374),(21480,93299,93346,_binary '192.168.64.22',_binary '52.215.101.116','2019-09-03 09:57:09.183072','2019-09-03 09:58:12.093551',62910.5,1,0,0.0158956,0,62.9105,62.9105,0,0,62.9105,62.9105),(21481,93299,93347,_binary '192.168.64.22',_binary '13.225.13.120','2019-09-03 09:57:10.875558','2019-09-03 10:00:01.843633',170968,1,0,0.00584905,0,170.968,170.968,0,0,170.968,170.968),(21482,93299,93348,_binary '192.168.64.22',_binary '13.225.13.43','2019-09-03 09:57:10.875662','2019-09-03 10:00:01.843908',170968,1,0,0.00584904,0,170.968,170.968,0,0,170.968,170.968),(21483,93299,93349,_binary '192.168.64.22',_binary '52.46.128.194','2019-09-03 09:57:11.563127','2019-09-03 09:57:14.228618',2665.49,2,0,0.210535,0,9.49959,4.74979,2.33469,5.45077,7.08448,2.4151),(21484,93299,93350,_binary '192.168.64.22',_binary '13.225.242.32','2019-09-03 09:57:11.799281','2019-09-03 10:00:01.844012',170045,1,0,0.00588081,0,170.045,170.045,0,0,170.045,170.045),(21485,93299,93351,_binary '192.168.64.22',_binary '151.101.129.69','2019-09-03 09:57:12.495229','2019-09-03 10:02:38.178983',325684,2,0,0.00577484,0,346.33,173.165,2.23195,4.98158,175.397,170.933),(21486,93299,93352,_binary '192.168.64.22',_binary '151.101.65.69','2019-09-03 09:57:12.850526','2019-09-03 09:57:12.980043',129.517,5,0,8.03488,0,0.622287,0.124457,0.0124718,0.000155546,0.144371,0.109769),(21487,93299,93353,_binary '192.168.64.22',_binary '172.217.19.195','2019-09-03 09:57:13.223111','2019-09-03 10:00:03.877485',170654,1,0,0.0058598,0,170.654,170.654,0,0,170.654,170.654),(21488,93299,93354,_binary '192.168.64.22',_binary '104.89.196.248','2019-09-03 09:57:13.295017','2019-09-03 09:59:12.880092',119585,1,0,0.00836225,0,119.585,119.585,0,0,119.585,119.585),(21489,93299,93355,_binary '192.168.64.22',_binary '91.228.74.185','2019-09-03 09:57:13.348838','2019-09-03 09:58:13.879086',60530.2,1,0,0.0165207,0,60.5302,60.5302,0,0,60.5302,60.5302),(21490,93299,93356,_binary '192.168.64.22',_binary '198.252.206.25','2019-09-03 09:57:13.405189','2019-09-03 10:03:24.746235',371341,2,0,0.00538858,0,371.156,185.578,181.984,33118.3,367.562,3.59338),(21491,93299,93357,_binary '192.168.64.22',_binary '199.166.0.24','2019-09-03 09:57:13.862418','2019-09-03 09:57:24.260732',10398.3,1,0,0.0961694,0,10.3983,10.3983,0,0,10.3983,10.3983),(21492,93299,93358,_binary '192.168.64.22',_binary '91.228.74.196','2019-09-03 09:57:13.920714','2019-09-03 09:58:17.890847',63970.1,1,0,0.0156323,0,63.9701,63.9701,0,0,63.9701,63.9701),(21493,93299,93359,_binary '192.168.64.22',_binary '52.94.225.95','2019-09-03 09:57:14.211633','2019-09-03 09:57:22.665842',8454.21,1,0,0.118284,0,8.45421,8.45421,0,0,8.45421,8.45421),(21494,93299,93360,_binary '192.168.64.22',_binary '199.166.0.32','2019-09-03 09:57:14.260594','2019-09-03 09:57:24.437260',10176.7,1,0,0.098264,0,10.1767,10.1767,0,0,10.1767,10.1767),(21495,93299,93361,_binary '192.168.64.22',_binary '74.125.140.157','2019-09-03 09:57:14.260762','2019-09-03 10:00:04.873048',170612,1,0,0.00586124,0,170.612,170.612,0,0,170.612,170.612),(21496,93299,93362,_binary '192.168.64.22',_binary '35.168.241.152','2019-09-03 09:57:14.461153','2019-09-03 10:00:05.948602',171487,1,0,0.00583133,0,171.487,171.487,0,0,171.487,171.487),(21497,93299,93363,_binary '192.168.64.22',_binary '104.244.38.20','2019-09-03 09:57:14.949405','2019-09-03 09:57:26.313903',11364.5,2,0,0.149721,0,13.3582,6.67908,4.68362,21.9363,11.3627,1.99545),(21498,93299,93364,_binary '192.168.64.22',_binary '23.37.163.47','2019-09-03 09:57:14.974117','2019-09-03 09:59:10.885876',115912,1,0,0.00862725,0,115.912,115.912,0,0,115.912,115.912),(21499,93299,93365,_binary '192.168.64.22',_binary '3.223.196.70','2019-09-03 09:57:14.984968','2019-09-03 09:58:15.699190',60714.2,1,0,0.0164706,0,60.7142,60.7142,0,0,60.7142,60.7142),(21500,93299,93366,_binary '192.168.64.22',_binary '88.221.65.25','2019-09-03 09:57:15.116395','2019-09-03 09:57:55.133895',40017.5,1,0,0.0249891,0,40.0175,40.0175,0,0,40.0175,40.0175),(21501,93299,93367,_binary '192.168.64.22',_binary '209.132.181.16','2019-09-03 09:57:39.299788','2019-09-03 09:57:40.123849',824.061,1,0,1.2135,0,0.824061,0.824061,0,0,0.824061,0.824061),(21502,93299,93368,_binary '192.168.64.22',_binary '185.141.165.254','2019-09-03 09:57:39.998234','2019-09-03 10:00:42.414937',182417,3,0,4.52025,0,0.663681,0.221227,0.0574562,0.00330122,0.276935,0.142145),(21503,93299,93369,_binary '192.168.64.22',_binary '152.19.134.198','2019-09-03 09:57:40.735526','2019-09-03 09:57:41.331454',595.928,1,0,1.67806,0,0.595928,0.595928,0,0,0.595928,0.595928),(21504,93299,93370,_binary '192.168.64.22',_binary '104.236.0.104','2019-09-03 09:57:41.875611','2019-09-03 09:57:42.432354',556.743,1,0,1.79616,0,0.556743,0.556743,0,0,0.556743,0.556743),(21505,93299,93371,_binary '192.168.64.22',_binary '88.221.64.14','2019-09-03 09:57:42.410108','2019-09-03 09:57:42.771067',360.959,2,0,5.61075,0,0.356459,0.178229,0.148857,0.0221583,0.327086,0.0293728),(21506,93299,93372,_binary '192.168.64.22',_binary '45.55.41.223','2019-09-03 09:57:43.070527','2019-09-03 09:57:43.297707',227.18,1,0,4.4018,0,0.22718,0.22718,0,0,0.22718,0.22718),(21507,93299,93373,_binary '192.168.64.22',_binary '216.58.211.46','2019-09-03 09:57:45.813029','2019-09-03 09:57:45.889137',76.1079,1,0,13.1392,0,0.0761079,0.0761079,0,0,0.0761079,0.0761079),(21508,93299,93374,_binary '192.168.64.22',_binary '173.194.19.135','2019-09-03 09:57:53.101523','2019-09-03 09:57:53.511662',410.139,1,0,2.4382,0,0.410139,0.410139,0,0,0.410139,0.410139),(21509,93299,93375,_binary '192.168.64.22',_binary '85.236.55.6','2019-09-03 09:58:02.570408','2019-09-03 09:58:02.897750',327.342,1,0,3.05491,0,0.327342,0.327342,0,0,0.327342,0.327342),(21510,93299,93376,_binary '192.168.64.22',_binary '193.137.29.15','2019-09-03 09:58:02.863219','2019-09-03 09:58:03.232514',369.295,1,0,2.70786,0,0.369295,0.369295,0,0,0.369295,0.369295),(21511,93299,93377,_binary '192.168.64.22',_binary '52.33.147.163','2019-09-03 09:58:54.494961','2019-09-03 10:00:44.855323',110360,1,0,0.00906122,0,110.36,110.36,0,0,110.36,110.36),(21512,93299,93378,_binary '192.168.64.22',_binary '140.82.114.3','2019-09-03 09:58:55.759165','2019-09-03 09:59:59.821647',64062.5,7,0,0.0188228,0,371.889,53.127,21.6425,468.396,66.0167,0.321284),(21513,93299,93379,_binary '192.168.64.22',_binary '34.194.228.114','2019-09-03 09:58:56.015379','2019-09-03 10:00:02.337327',66321.9,1,0,0.015078,0,66.3219,66.3219,0,0,66.3219,66.3219),(21514,93299,93380,_binary '192.168.64.22',_binary '140.82.113.5','2019-09-03 09:58:57.197543','2019-09-03 10:00:02.317371',65119.8,1,0,0.0153563,0,65.1198,65.1198,0,0,65.1198,65.1198),(21515,93299,93381,_binary '192.168.64.22',_binary '192.30.253.124','2019-09-03 09:59:02.318611','2019-09-03 10:03:24.752260',262434,1,0,0.00381049,0,262.434,262.434,0,0,262.434,262.434),(21516,93299,93382,_binary '192.168.64.22',_binary '172.217.168.165','2019-09-03 09:59:28.889402','2019-09-03 10:02:20.145693',171256,2,0,0.00584506,0,342.169,171.085,0.172429,0.0297319,171.257,170.912),(21517,93299,93383,_binary '192.168.64.22',_binary '216.58.201.164','2019-09-03 09:59:40.868248','2019-09-03 10:02:33.146609',172278,1,0,0.00580456,0,172.278,172.278,0,0,172.278,172.278),(21518,93299,93384,_binary '192.168.64.22',_binary '104.25.159.7','2019-09-03 09:59:42.279717','2019-09-03 10:02:34.138802',171859,1,0,0.00581872,0,171.859,171.859,0,0,171.859,171.859),(21519,93299,93385,_binary '192.168.64.22',_binary '104.27.147.99','2019-09-03 09:59:42.624165','2019-09-03 10:02:33.138878',170515,1,0,0.0058646,0,170.515,170.515,0,0,170.515,170.515),(21520,93299,93386,_binary '192.168.64.22',_binary '104.19.196.151','2019-09-03 09:59:42.630275','2019-09-03 09:59:42.656871',26.5962,3,0,0.0175893,0,170.558,56.8527,80.3662,6458.72,170.508,0.0240242),(21521,93299,93387,_binary '192.168.64.22',_binary '216.58.214.161','2019-09-03 09:59:45.881475','2019-09-03 10:03:19.151823',213270,1,0,0.00468888,0,213.27,213.27,0,0,213.27,213.27),(21522,93299,93388,_binary '192.168.64.22',_binary '172.217.168.169','2019-09-03 09:59:46.541633','2019-09-03 09:59:46.943375',401.742,6,0,0.0142271,0,421.73,70.2883,99.1788,9836.44,210.611,0.0578059),(21523,93299,93389,_binary '192.168.64.22',_binary '92.51.173.90','2019-09-03 09:59:49.920205','2019-09-03 10:02:41.187530',171267,1,0,0.00583883,0,171.267,171.267,0,0,171.267,171.267),(21524,93299,93390,_binary '192.168.64.22',_binary '52.43.139.170','2019-09-03 10:03:25.264126','2019-09-03 10:03:26.299949',1035.82,1,0,0.965416,0,1.03582,1.03582,0,0,1.03582,1.03582);
/*!40000 ALTER TABLE `Dialogues` ENABLE KEYS */;
UNLOCK TABLES;

--
-- Table structure for table `Flows`
--

DROP TABLE IF EXISTS `Flows`;
/*!40101 SET @saved_cs_client     = @@character_set_client */;
/*!50503 SET character_set_client = utf8mb4 */;
CREATE TABLE `Flows` (
  `id` int(10) unsigned NOT NULL AUTO_INCREMENT,
  `dialogue_id` int(10) unsigned NOT NULL,
  `transport_protocol` varchar(8) NOT NULL,
  `src_ip` varbinary(16) NOT NULL,
  `dst_ip` varbinary(16) NOT NULL,
  `src_port` smallint(2) unsigned NOT NULL,
  `dst_port` smallint(2) unsigned NOT NULL,
  `sep_counter` int(10) unsigned NOT NULL,
  `flow_start_time` datetime(6) DEFAULT NULL,
  `flow_end_time` datetime(6) DEFAULT NULL,
  `flow_duration` float unsigned DEFAULT NULL,
  `flow_n_pkts` int(10) unsigned DEFAULT NULL,
  `fwd_n_pkts` int(10) unsigned DEFAULT NULL,
  `bwd_n_pkts` int(10) unsigned DEFAULT NULL,
  `flow_n_data_pkts` int(10) unsigned DEFAULT NULL,
  `fwd_n_data_pkts` int(10) unsigned DEFAULT NULL,
  `bwd_n_data_pkts` int(10) unsigned DEFAULT NULL,
  `flow_header_len_total` int(10) unsigned DEFAULT NULL,
  `fwd_header_len_total` float unsigned DEFAULT NULL,
  `bwd_header_len_total` float unsigned DEFAULT NULL,
  `flow_pkt_size_mean` float unsigned DEFAULT NULL,
  `flow_pkt_size_std` float unsigned DEFAULT NULL,
  `flow_pkt_size_max` float unsigned DEFAULT NULL,
  `flow_pkt_size_min` float unsigned DEFAULT NULL,
  `fwd_pkt_size_mean` float unsigned DEFAULT NULL,
  `fwd_pkt_size_std` float unsigned DEFAULT NULL,
  `fwd_pkt_size_max` float unsigned DEFAULT NULL,
  `fwd_pkt_size_min` float unsigned DEFAULT NULL,
  `bwd_pkt_size_mean` float unsigned DEFAULT NULL,
  `bwd_pkt_size_std` float unsigned DEFAULT NULL,
  `bwd_pkt_size_max` float unsigned DEFAULT NULL,
  `bwd_pkt_size_min` float unsigned DEFAULT NULL,
  `flow_pkts_per_sec` float unsigned DEFAULT NULL,
  `fwd_pkts_per_sec` float unsigned DEFAULT NULL,
  `bwd_pkts_per_sec` float unsigned DEFAULT NULL,
  `flow_bytes_per_sec` float unsigned DEFAULT NULL,
  `fwd_bytes_per_sec` int(10) unsigned DEFAULT NULL,
  `bwd_bytes_per_sec` int(10) unsigned DEFAULT NULL,
  `flow_pkt_len_total` float unsigned DEFAULT NULL,
  `flow_pkt_len_mean` float unsigned DEFAULT NULL,
  `flow_pkt_len_std` float unsigned DEFAULT NULL,
  `flow_pkt_len_var` float unsigned DEFAULT NULL,
  `flow_pkt_len_max` float unsigned DEFAULT NULL,
  `flow_pkt_len_min` float unsigned DEFAULT NULL,
  `fwd_pkt_len_total` float unsigned DEFAULT NULL,
  `fwd_pkt_len_mean` float unsigned DEFAULT NULL,
  `fwd_pkt_len_std` float unsigned DEFAULT NULL,
  `fwd_pkt_len_var` float unsigned DEFAULT NULL,
  `fwd_pkt_len_max` float unsigned DEFAULT NULL,
  `fwd_pkt_len_min` float unsigned DEFAULT NULL,
  `bwd_pkt_len_total` float unsigned DEFAULT NULL,
  `bwd_pkt_len_mean` float unsigned DEFAULT NULL,
  `bwd_pkt_len_std` float unsigned DEFAULT NULL,
  `bwd_pkt_len_var` float unsigned DEFAULT NULL,
  `bwd_pkt_len_max` float unsigned DEFAULT NULL,
  `bwd_pkt_len_min` float unsigned DEFAULT NULL,
  `flow_iat_total` float unsigned DEFAULT NULL,
  `flow_iat_mean` float unsigned DEFAULT NULL,
  `flow_iat_std` float unsigned DEFAULT NULL,
  `flow_iat_max` float unsigned DEFAULT NULL,
  `flow_iat_min` float unsigned DEFAULT NULL,
  `fwd_iat_total` float unsigned DEFAULT NULL,
  `fwd_iat_mean` float unsigned DEFAULT NULL,
  `fwd_iat_std` float unsigned DEFAULT NULL,
  `fwd_iat_max` float unsigned DEFAULT NULL,
  `fwd_iat_min` float unsigned DEFAULT NULL,
  `bwd_iat_total` float unsigned DEFAULT NULL,
  `bwd_iat_mean` float unsigned DEFAULT NULL,
  `bwd_iat_std` float unsigned DEFAULT NULL,
  `bwd_iat_max` float unsigned DEFAULT NULL,
  `bwd_iat_min` float unsigned DEFAULT NULL,
  `flow_df_count` int(10) unsigned DEFAULT NULL,
  `flow_mf_count` int(10) unsigned DEFAULT NULL,
  `flow_fin_count` int(10) unsigned DEFAULT NULL,
  `flow_syn_count` int(10) unsigned DEFAULT NULL,
  `flow_rst_count` int(10) unsigned DEFAULT NULL,
  `flow_psh_count` int(10) unsigned DEFAULT NULL,
  `flow_ack_count` int(10) unsigned DEFAULT NULL,
  `flow_urg_count` int(10) unsigned DEFAULT NULL,
  `flow_ece_count` int(10) unsigned DEFAULT NULL,
  `flow_cwr_count` int(10) unsigned DEFAULT NULL,
  `fwd_df_count` int(10) unsigned DEFAULT NULL,
  `fwd_mf_count` int(10) unsigned DEFAULT NULL,
  `fwd_fin_count` int(10) unsigned DEFAULT NULL,
  `fwd_syn_count` int(10) unsigned DEFAULT NULL,
  `fwd_rst_count` int(10) unsigned DEFAULT NULL,
  `fwd_psh_count` int(10) unsigned DEFAULT NULL,
  `fwd_ack_count` int(10) unsigned DEFAULT NULL,
  `fwd_urg_count` int(10) unsigned DEFAULT NULL,
  `fwd_ece_count` int(10) unsigned DEFAULT NULL,
  `fwd_cwr_count` int(10) unsigned DEFAULT NULL,
  `bwd_df_count` int(10) unsigned DEFAULT NULL,
  `bwd_mf_count` int(10) unsigned DEFAULT NULL,
  `bwd_fin_count` int(10) unsigned DEFAULT NULL,
  `bwd_syn_count` int(10) unsigned DEFAULT NULL,
  `bwd_rst_count` int(10) unsigned DEFAULT NULL,
  `bwd_psh_count` int(10) unsigned DEFAULT NULL,
  `bwd_ack_count` int(10) unsigned DEFAULT NULL,
  `bwd_urg_count` int(10) unsigned DEFAULT NULL,
  `bwd_ece_count` int(10) unsigned DEFAULT NULL,
  `bwd_cwr_count` int(10) unsigned DEFAULT NULL,
  PRIMARY KEY (`id`),
  UNIQUE KEY `uniq_flow_id` (`transport_protocol`,`src_ip`,`dst_ip`,`src_port`,`dst_port`),
  KEY `fk_dialogue_flow_idx` (`dialogue_id`),
  CONSTRAINT `fk_dialogue_flow` FOREIGN KEY (`dialogue_id`) REFERENCES `Dialogues` (`id`) ON DELETE CASCADE ON UPDATE CASCADE
) ENGINE=InnoDB AUTO_INCREMENT=33550 DEFAULT CHARSET=utf8mb4 COLLATE=utf8mb4_0900_ai_ci;
/*!40101 SET character_set_client = @saved_cs_client */;

--
-- Dumping data for table `Flows`
--

LOCK TABLES `Flows` WRITE;
/*!40000 ALTER TABLE `Flows` DISABLE KEYS */;
INSERT INTO `Flows` VALUES (33339,21434,'TCP',_binary '192.168.64.22',_binary '52.35.186.10',36920,443,0,'2019-09-03 09:56:36.286512','2019-09-03 09:58:23.328585',107.042,56,33,23,21,10,11,3712,2186,1526,234.214,435.702,1566,0,249.545,448.566,1199,0,212.217,415.565,1566,0,0.523159,0.30829,0.214869,157.209,97,60,16828,300.5,435.551,189705,1632,66,10421,315.788,448.433,201093,1265,66,6407,278.565,415.39,172549,1632,66,107.042,1.94622,3.73325,10.2385,0.0000090332,47.8536,1.49542,3.33665,10.2385,0.0000273438,59.1885,2.57341,4.14274,10.0709,0.0000090332,56,0,2,2,0,20,55,0,0,0,33,0,1,1,0,10,32,0,0,0,23,0,1,1,0,10,23,0,0,0),(33340,21435,'TCP',_binary '192.168.64.22',_binary '216.58.201.174',56262,443,0,'2019-09-03 09:56:36.336486','2019-09-03 09:59:28.889796',172.553,37,21,16,17,10,7,2458,1394,1064,161.784,449.258,2362,0,67.1905,140.526,517,0,285.938,643.165,2362,0,0.214426,0.121702,0.092725,48.9356,16,33,8444,228.216,449.106,201696,2428,66,2805,133.571,140.355,19699.4,583,66,5639,352.438,642.946,413380,2428,66,172.553,4.79315,15.7274,58.7671,0.00000488281,112.587,5.3613,16.5254,58.7671,0.00000488281,59.9659,3.99773,14.4996,58.2278,0.00000585938,21,0,2,2,0,16,36,0,0,0,21,0,1,1,0,10,20,0,0,0,0,0,1,1,0,6,16,0,0,0),(33341,21436,'TCP',_binary '192.168.64.22',_binary '172.217.16.238',51462,443,0,'2019-09-03 09:56:36.351863','2019-09-03 09:56:36.410150',0.0582874,17,11,6,8,4,4,1126,722,404,303.941,685.546,2836,0,72,150.727,517,0,729.167,1005.24,2836,0,291.658,188.72,102.938,107965,25975,81990,6293,370.176,685.454,469847,2902,54,1514,137.636,150.963,22789.9,583,54,4779,796.5,1004.27,1008560,2902,66,0.0582874,0.00364296,0.00605657,0.0207061,0.00000390625,0.0374683,0.00374683,0.00479709,0.0111941,0.00000390625,0.0208191,0.00346985,0.00770827,0.0207061,0.0000078125,11,0,1,2,1,7,15,0,0,0,11,0,1,1,1,4,9,0,0,0,0,0,0,1,0,3,6,0,0,0),(33342,21437,'TCP',_binary '192.168.64.22',_binary '216.58.211.54',52654,443,0,'2019-09-03 09:56:36.592043','2019-09-03 09:59:35.892520',179.3,475,208,267,302,61,241,32434,14804,17630,687.804,757.649,3056,0,36.1106,70.5012,517,0,1195.49,654.786,3056,0,2.64918,1.16006,1.48912,2003.01,124,1879,359141,756.086,755.609,570944,3122,66,22315,107.284,68.5465,4698.63,583,66,336826,1261.52,654.732,428674,3122,66,179.3,0.378271,4.51392,58.7162,0.000000976563,112.487,0.540801,5.44677,58.7162,0.00000170898,66.8139,0.25118,3.61565,58.6855,0.000000976563,208,0,2,2,0,142,474,0,0,0,208,0,1,1,0,61,207,0,0,0,0,0,1,1,0,81,267,0,0,0),(33343,21438,'TCP',_binary '192.168.64.22',_binary '216.58.211.42',57674,443,0,'2019-09-03 09:56:36.604201','2019-09-03 09:59:26.891121',170.287,28,17,11,13,8,5,1864,1130,734,68.75,155.351,634,0,61.1765,149.002,634,0,80.4545,163.996,564,0,0.164428,0.0998315,0.0645969,22.2507,13,10,3789,135.321,155.112,24059.6,700,66,2170,127.647,148.821,22147.6,700,66,1619,147.182,163.655,26782.9,630,66,170.287,6.30692,17.8522,58.7989,0.0000090332,111.603,6.97518,18.4675,58.7989,0.0000090332,58.6841,5.33492,16.8701,58.6829,0.0000100098,17,0,2,2,0,13,27,0,0,0,17,0,1,1,0,8,16,0,0,0,0,0,1,1,0,5,11,0,0,0),(33344,21439,'TCP',_binary '192.168.64.22',_binary '172.217.16.225',59136,443,0,'2019-09-03 09:56:36.638632','2019-09-03 09:56:36.683019',0.044387,9,5,4,2,1,1,598,326,272,538.222,1349.2,4327,0,103.4,206.8,517,0,1081.75,1873.65,4327,0,202.762,112.646,90.1166,122604,18992,103612,5442,604.667,1349.03,1819890,4393,54,843,168.6,207.298,42972.6,583,54,4599,1149.75,1872.49,3506230,4393,66,0.044387,0.00554837,0.00534871,0.0137771,0.0000102539,0.0229758,0.00574396,0.00488474,0.0108818,0.000469238,0.0214111,0.00535278,0.0057689,0.0137771,0.0000102539,5,0,1,2,1,2,7,0,0,0,5,0,1,1,1,1,3,0,0,0,0,0,0,1,0,1,4,0,0,0),(33345,21439,'TCP',_binary '192.168.64.22',_binary '172.217.16.225',59138,443,0,'2019-09-03 09:56:36.638678','2019-09-03 09:56:36.684252',0.045574,9,5,4,2,1,1,598,326,272,538.111,1348.89,4326,0,103.4,206.8,517,0,1081.5,1873.21,4326,0,197.481,109.712,87.7694,119388,18497,100891,5441,604.556,1348.72,1819050,4392,54,843,168.6,207.298,42972.6,583,54,4598,1149.5,1872.06,3504610,4392,66,0.045574,0.00569675,0.00553201,0.014498,0.0000100098,0.0388977,0.00972443,0.00458208,0.014498,0.00216602,0.00667627,0.00166907,0.00278681,0.00649487,0.0000100098,5,0,1,2,1,2,7,0,0,0,5,0,1,1,1,1,3,0,0,0,0,0,0,1,0,1,4,0,0,0),(33346,21439,'TCP',_binary '192.168.64.22',_binary '172.217.16.225',59140,443,0,'2019-09-03 09:56:36.638727','2019-09-03 09:56:36.679655',0.040928,9,5,4,2,1,1,598,326,272,215,454.849,1418,0,103.4,206.8,517,0,354.5,614.012,1418,0,219.898,122.166,97.7327,61889.2,20597,41292,2533,281.444,454.672,206726,1484,54,843,168.6,207.298,42972.6,583,54,1690,422.5,612.866,375605,1484,66,0.040928,0.005116,0.00486099,0.0132903,0.0000270996,0.0332502,0.00831256,0.00447033,0.0132903,0.00106177,0.00767773,0.00191943,0.00261507,0.00636475,0.0000270996,5,0,1,2,1,1,7,0,0,0,5,0,1,1,1,1,3,0,0,0,0,0,0,1,0,0,4,0,0,0),(33347,21439,'TCP',_binary '192.168.64.22',_binary '172.217.16.225',59142,443,0,'2019-09-03 09:56:36.638756','2019-09-03 09:56:36.688254',0.049498,9,5,4,2,1,1,598,326,272,215,454.849,1418,0,103.4,206.8,517,0,354.5,614.012,1418,0,181.825,101.014,80.8113,51173.7,17031,34143,2533,281.444,454.672,206726,1484,54,843,168.6,207.298,42972.6,583,54,1690,422.5,612.866,375605,1484,66,0.049498,0.00618726,0.0048939,0.0130459,0.00000708008,0.028885,0.00722125,0.00404247,0.0130459,0.00344189,0.020613,0.00515326,0.00542408,0.0127249,0.00000708008,5,0,1,2,1,1,7,0,0,0,5,0,1,1,1,1,3,0,0,0,0,0,0,1,0,0,4,0,0,0),(33348,21439,'TCP',_binary '192.168.64.22',_binary '172.217.16.225',59144,443,0,'2019-09-03 09:56:36.638792','2019-09-03 09:56:36.687167',0.048375,9,5,4,2,1,1,598,326,272,215,454.849,1418,0,103.4,206.8,517,0,354.5,614.012,1418,0,186.047,103.359,82.6873,52361.8,17426,34935,2533,281.444,454.672,206726,1484,54,843,168.6,207.298,42972.6,583,54,1690,422.5,612.866,375605,1484,66,0.048375,0.00604687,0.00497961,0.0129829,0.000012207,0.0273918,0.00684796,0.00421808,0.012395,0.00247485,0.0209832,0.00524579,0.00552426,0.0129829,0.000012207,5,0,1,2,1,1,7,0,0,0,5,0,1,1,1,1,3,0,0,0,0,0,0,1,0,0,4,0,0,0),(33349,21439,'TCP',_binary '192.168.64.22',_binary '172.217.16.225',59146,443,0,'2019-09-03 09:56:36.647043','2019-09-03 09:56:36.688692',0.0416492,9,5,4,2,1,1,598,326,272,215,454.849,1418,0,103.4,206.8,517,0,354.5,614.012,1418,0,216.091,120.05,96.0403,60817.5,20240,40577,2533,281.444,454.672,206726,1484,54,843,168.6,207.298,42972.6,583,54,1690,422.5,612.866,375605,1484,66,0.0416492,0.00520615,0.00465589,0.0111738,0.0000090332,0.019417,0.00485425,0.00351609,0.00935791,0.00103809,0.0222322,0.00555804,0.00554472,0.0111738,0.0000090332,5,0,1,2,1,1,7,0,0,0,5,0,1,1,1,1,3,0,0,0,0,0,0,1,0,0,4,0,0,0),(33350,21439,'TCP',_binary '192.168.64.22',_binary '172.217.16.225',59148,443,0,'2019-09-03 09:56:36.660226','2019-09-03 09:56:36.671064',0.0108379,3,2,1,0,0,0,202,128,74,0,0,0,0,0,0,0,0,0,0,0,0,276.807,184.538,92.2689,18638.3,11810,6828,202,67.3333,9.42809,88.8889,74,54,128,64,10,100,74,54,74,74,0,0,74,74,0.0108379,0.00541895,0.00540015,0.0108191,0.0000187988,0.0108191,0.0108191,0,0.0108191,0.0108191,0.0000187988,0.0000187988,0,0.0000187988,0.0000187988,2,0,0,2,1,0,1,0,0,0,2,0,0,1,1,0,0,0,0,0,0,0,0,1,0,0,1,0,0,0),(33351,21440,'TCP',_binary '192.168.64.22',_binary '172.217.16.237',45034,443,0,'2019-09-03 09:56:36.746855','2019-09-03 09:59:27.890375',171.144,618,300,318,320,10,310,41572,20576,20996,698.66,828.07,4254,0,5.53333,51.1835,698,0,1352.55,670.303,4254,0,3.611,1.75291,1.85809,2765.77,130,2636,473344,765.929,827.007,683940,4320,66,22236,74.12,51.1406,2615.37,764,66,451108,1418.58,670.253,449238,4320,66,171.144,0.27738,3.95915,58.7999,0.000000976563,112.931,0.377697,4.58998,58.7999,0.000000976563,58.2121,0.183057,3.25357,58.1111,0.00000195313,300,0,2,2,0,226,617,0,0,0,300,0,1,1,0,10,299,0,0,0,0,0,1,1,0,216,318,0,0,0),(33352,21441,'TCP',_binary '192.168.64.22',_binary '216.58.214.163',47512,443,0,'2019-09-03 09:56:37.221909','2019-09-03 09:59:28.891485',171.67,278,109,169,174,16,158,18568,7406,11162,807.381,768.369,2836,0,17,70.7524,629,0,1317.15,552.417,2836,0,1.61939,0.634941,0.984449,1415.63,54,1362,243020,874.173,767.543,589122,2902,66,9259,84.945,70.4205,4959.04,695,66,233761,1383.2,552.304,305040,2902,66,171.67,0.619746,5.89389,58.7651,0.00000390625,112.898,1.04535,7.58897,58.7651,0.00000488281,58.7719,0.347763,4.46575,58.2297,0.00000390625,109,0,2,2,0,28,277,0,0,0,109,0,1,1,0,16,108,0,0,0,0,0,1,1,0,12,169,0,0,0),(33353,21441,'TCP',_binary '192.168.64.22',_binary '216.58.214.163',47514,443,0,'2019-09-03 09:56:37.498209','2019-09-03 09:56:37.533476',0.0352671,3,2,1,0,0,0,202,128,74,0,0,0,0,0,0,0,0,0,0,0,0,85.0651,56.7101,28.355,5727.72,3629,2098,202,67.3333,9.42809,88.8889,74,54,128,64,10,100,74,54,74,74,0,0,74,74,0.0352671,0.0176335,0.0175986,0.0352322,0.0000349121,0.0352322,0.0352322,0,0.0352322,0.0352322,0.0000349121,0.0000349121,0,0.0000349121,0.0000349121,2,0,0,2,1,0,1,0,0,0,2,0,0,1,1,0,0,0,0,0,0,0,0,1,0,0,1,0,0,0),(33354,21441,'TCP',_binary '192.168.64.22',_binary '216.58.214.163',47516,443,0,'2019-09-03 09:56:37.615710','2019-09-03 09:59:27.890113',170.274,29,17,12,13,8,5,1930,1130,800,66.2759,152.781,631,0,61,148.324,631,0,73.75,158.581,564,0,0.170313,0.0998388,0.0704745,22.6223,13,10,3852,132.828,152.555,23273,697,66,2167,127.471,148.142,21946.1,697,66,1685,140.417,158.286,25054.4,630,66,170.274,6.08123,17.5602,58.8066,0.00000195313,111.682,6.5695,17.9916,58.8066,0.00000195313,58.5928,5.32662,16.8441,58.5924,0.00000415039,17,0,2,2,0,13,28,0,0,0,17,0,1,1,0,8,16,0,0,0,0,0,1,1,0,5,12,0,0,0),(33355,21442,'TCP',_binary '192.168.64.22',_binary '172.217.168.163',59908,443,0,'2019-09-03 09:56:37.658364','2019-09-03 10:00:03.852852',206.194,63,32,31,34,16,18,4174,2120,2054,122.54,353.762,2362,0,71.6875,136.811,517,0,175.032,479.151,2362,0,0.305537,0.155193,0.150343,57.6834,21,36,11894,188.794,353.676,125087,2428,66,4414,137.938,136.687,18683.4,583,66,7480,241.29,479.059,229497,2428,66,206.194,3.32572,11.8416,58.9352,0.00000219727,91.9697,2.96677,11.7418,58.9352,0.00000219727,114.225,3.68467,11.9298,58.7358,0.00000268555,32,0,2,2,0,33,62,0,0,0,32,0,1,1,0,16,31,0,0,0,0,0,1,1,0,17,31,0,0,0),(33356,21439,'TCP',_binary '192.168.64.22',_binary '172.217.16.225',59160,443,0,'2019-09-03 09:56:37.906555','2019-09-03 10:03:17.151670',399.245,1427,539,888,910,55,855,94198,35582,58616,1013.48,979.227,4325,0,12.3302,55.6732,862,0,1621.15,749.256,4325,0,3.57425,1.35005,2.2242,3858.35,106,3753,1540430,1079.49,979.215,958862,4391,66,42228,78.3451,55.6709,3099.25,928,66,1498200,1687.16,749.237,561356,4391,66,399.245,0.279976,3.7078,58.9593,0,187.354,0.348241,4.30062,58.9593,0,211.891,0.238616,3.29649,58.8049,0.00000170898,539,0,2,2,0,140,1426,0,0,0,539,0,1,1,0,55,538,0,0,0,0,0,1,1,0,85,888,0,0,0),(33357,21439,'TCP',_binary '192.168.64.22',_binary '172.217.16.225',59162,443,0,'2019-09-03 09:56:37.909144','2019-09-03 09:56:38.127048',0.217904,19,12,7,9,4,5,1258,788,470,300.737,520.734,1491,0,66,145.676,517,0,703.143,665.767,1491,0,87.1943,55.0701,32.1242,31995.7,7251,24745,6972,366.947,520.626,271051,1557,54,1580,131.667,145.886,21282.7,583,54,5392,770.286,664.564,441646,1557,66,0.217904,0.0121058,0.034576,0.151683,0.00000585938,0.196585,0.0178713,0.0428466,0.151683,0.00000585938,0.0213193,0.00304562,0.00741188,0.0212009,0.00000683594,12,0,1,2,1,7,17,0,0,0,12,0,1,1,1,4,10,0,0,0,0,0,0,1,0,3,7,0,0,0),(33358,21439,'TCP',_binary '192.168.64.22',_binary '172.217.16.225',59164,443,0,'2019-09-03 09:56:37.915374','2019-09-03 09:56:38.132997',0.217623,21,13,8,9,4,5,1402,866,536,272.048,503.007,1490,0,60.9231,141.062,517,0,615.125,664.603,1490,0,96.4971,59.7363,36.7608,32694.1,7619,25075,7115,338.81,502.6,252607,1556,66,1658,127.538,140.812,19827.9,583,66,5457,682.125,663.682,440474,1556,66,0.217623,0.0108812,0.0315046,0.1447,0.00000512695,0.189893,0.0158244,0.0392117,0.1447,0.00000683594,0.0277302,0.00346628,0.00913123,0.0276252,0.00000512695,13,0,2,2,0,7,20,0,0,0,13,0,1,1,0,4,12,0,0,0,0,0,1,1,0,3,8,0,0,0),(33359,21439,'TCP',_binary '192.168.64.22',_binary '172.217.16.225',59166,443,0,'2019-09-03 09:56:37.915574','2019-09-03 09:56:38.140377',0.224803,19,12,7,8,4,4,1270,800,470,300.632,702.258,2907,0,66,145.676,517,0,702.857,1022.77,2907,0,84.5185,53.3801,31.1384,31058.3,7082,23977,6982,367.474,701.901,492666,2973,66,1592,132.667,145.39,21138.4,583,66,5390,770,1021.99,1044450,2973,66,0.224803,0.0124891,0.0334024,0.147484,0.00000708008,0.20395,0.0185409,0.0412078,0.147484,0.00000708008,0.020853,0.002979,0.0072521,0.0207429,0.00000805664,12,0,2,2,0,7,18,0,0,0,12,0,1,1,0,4,11,0,0,0,0,0,1,1,0,3,7,0,0,0),(33360,21439,'TCP',_binary '192.168.64.22',_binary '172.217.16.225',59168,443,0,'2019-09-03 09:56:37.915873','2019-09-03 09:56:38.136595',0.220722,21,13,8,9,4,5,1402,866,536,272.095,503.122,1491,0,60.9231,141.062,517,0,615.25,664.767,1491,0,95.1423,58.8976,36.2447,32239.7,7512,24728,7116,338.857,502.715,252722,1557,66,1658,127.538,140.812,19827.9,583,66,5458,682.25,663.846,440692,1557,66,0.220722,0.0110361,0.0317593,0.146773,0.0000078125,0.199521,0.0166268,0.0396301,0.146773,0.0000100098,0.0212004,0.00265005,0.00697263,0.0210979,0.0000078125,13,0,2,2,0,7,20,0,0,0,13,0,1,1,0,4,12,0,0,0,0,0,1,1,0,3,8,0,0,0),(33361,21439,'TCP',_binary '192.168.64.22',_binary '172.217.16.225',59170,443,0,'2019-09-03 09:56:37.916824','2019-09-03 09:56:38.123721',0.206897,21,13,8,9,4,5,1402,866,536,272.048,503.007,1490,0,60.9231,141.062,517,0,615.125,664.603,1490,0,101.5,62.8333,38.6666,34389.1,8014,26375,7115,338.81,502.6,252607,1556,66,1658,127.538,140.812,19827.9,583,66,5457,682.125,663.682,440474,1556,66,0.206897,0.0103448,0.0258528,0.118282,0.000000976563,0.185107,0.0154256,0.0318588,0.118282,0.000000976563,0.02179,0.00272375,0.00718599,0.0217361,0.00000219727,13,0,2,2,0,7,20,0,0,0,13,0,1,1,0,4,12,0,0,0,0,0,1,1,0,3,8,0,0,0),(33362,21443,'TCP',_binary '192.168.64.22',_binary '216.58.201.163',57828,80,0,'2019-09-03 09:56:37.973621','2019-09-03 09:58:40.878054',122.904,36,19,17,4,2,2,2392,1262,1130,60.1667,178.339,702,0,40.1579,117.079,382,0,82.5294,226.016,702,0,0.292911,0.154592,0.138319,37.0857,16,21,4558,126.611,178.198,31754.6,768,66,2025,106.579,116.949,13677,448,66,2533,149,225.852,51009.2,768,66,122.904,3.51156,4.70343,10.2311,0.00000415039,17.0514,0.947301,2.70914,10.1008,0.0000908203,105.853,6.22665,4.84157,10.2311,0.00000415039,19,0,2,2,0,4,35,0,0,0,19,0,1,1,0,2,18,0,0,0,0,0,1,1,0,2,17,0,0,0),(33363,21443,'TCP',_binary '192.168.64.22',_binary '216.58.201.163',57830,80,0,'2019-09-03 09:56:37.973668','2019-09-03 09:58:39.881233',121.908,36,19,17,4,2,2,2392,1262,1130,60.2222,178.439,702,0,40.2632,117.386,383,0,82.5294,226.016,702,0,0.295306,0.155856,0.13945,37.4054,17,21,4560,126.667,178.298,31790.3,768,66,2027,106.684,117.255,13748.8,449,66,2533,149,225.852,51009.2,768,66,121.908,3.48307,4.69669,10.2283,0.00000390625,16.5687,0.920483,2.65879,10.2243,0.0000830078,105.339,6.1964,4.85954,10.2283,0.00000390625,19,0,2,2,0,4,35,0,0,0,19,0,1,1,0,2,18,0,0,0,0,0,1,1,0,2,17,0,0,0),(33364,21443,'TCP',_binary '192.168.64.22',_binary '216.58.201.163',57832,80,0,'2019-09-03 09:56:37.973710','2019-09-03 09:58:58.880970',140.907,40,21,19,4,2,2,2656,1394,1262,54.2,170.29,702,0,36.381,112.134,382,0,73.8947,215.438,702,0,0.283875,0.149034,0.13484,34.2353,15,19,4824,120.6,170.172,28958.4,768,66,2158,102.762,112.023,12549.1,448,66,2666,140.316,215.301,46354.6,768,66,140.907,3.61301,4.75052,10.3591,0.0000209961,20.5401,1.02701,3.0556,10.3591,0.000130859,120.367,6.33511,4.69525,10.2952,0.0000209961,21,0,2,2,0,4,39,0,0,0,21,0,1,1,0,2,20,0,0,0,0,0,1,1,0,2,19,0,0,0),(33365,21443,'TCP',_binary '192.168.64.22',_binary '216.58.201.163',57834,80,0,'2019-09-03 09:56:37.973730','2019-09-03 09:58:50.881419',132.908,38,20,18,4,2,2,2524,1328,1196,57,174.101,702,0,38.15,114.45,382,0,77.9444,220.46,702,0,0.285913,0.15048,0.135432,35.2877,16,20,4690,123.421,173.973,30266.5,768,66,2091,104.55,114.33,13071.3,448,66,2599,144.389,220.311,48536.8,768,66,132.908,3.5921,4.7579,10.3587,0.00000390625,20.7827,1.09382,3.16017,10.3587,0.00010376,112.125,6.22917,4.73805,10.23,0.00000390625,20,0,2,2,0,4,37,0,0,0,20,0,1,1,0,2,19,0,0,0,0,0,1,1,0,2,18,0,0,0),(33366,21435,'TCP',_binary '192.168.64.22',_binary '216.58.201.174',56314,443,0,'2019-09-03 09:56:38.080283','2019-09-03 09:56:38.138925',0.0586421,17,11,6,8,4,4,1126,722,404,304,625.413,2363,0,72,150.727,517,0,729.333,887.129,2363,0,289.894,187.579,102.316,107329,25818,81511,6294,370.235,625.312,391015,2429,54,1514,137.636,150.963,22789.9,583,54,4780,796.667,886.037,785062,2429,66,0.0586421,0.00366513,0.00598681,0.0156692,0.00000610352,0.0433074,0.00433074,0.00606889,0.0156692,0.00000610352,0.0153347,0.00255579,0.0056766,0.015249,0.0000100098,11,0,1,2,1,7,15,0,0,0,11,0,1,1,1,4,9,0,0,0,0,0,0,1,0,3,6,0,0,0),(33367,21444,'TCP',_binary '192.168.64.22',_binary '172.217.17.14',41726,443,0,'2019-09-03 09:56:38.089185','2019-09-03 09:59:28.890460',170.801,248,119,129,133,10,123,16384,7862,8522,772.923,860.954,4254,0,10.3109,55.4189,517,0,1476.42,625.133,4254,0,1.45198,0.696716,0.755264,1218.19,53,1165,208069,838.988,860.897,741143,4320,66,9089,76.3782,55.4112,3070.4,583,66,198980,1542.48,624.987,390608,4320,66,170.801,0.691503,6.23411,58.7662,0.00000488281,112.602,0.954255,7.26655,58.7662,0.00000805664,58.1992,0.451156,5.09834,58.1322,0.00000488281,119,0,2,2,0,17,247,0,0,0,119,0,1,1,0,10,118,0,0,0,0,0,1,1,0,7,129,0,0,0),(33368,21445,'TCP',_binary '192.168.64.22',_binary '195.8.11.143',43070,443,0,'2019-09-03 09:56:44.263884','2019-09-03 09:57:14.785084',30.5212,76,39,37,34,5,29,5008,2582,2426,956.105,1490.21,7240,0,55.9744,207.74,1183,0,1904.89,1661.85,7240,0,2.49007,1.2778,1.21227,2544.85,156,2389,77672,1022,1490.28,2220930,7306,54,4765,122.179,207.688,43134.5,1249,66,72907,1970.46,1662.35,2763420,7306,54,30.5212,0.406949,1.96478,10.1587,0.00000317383,10.4111,0.266952,1.58052,10.0069,0.000012207,20.1101,0.558613,2.30042,10.1587,0.00000317383,41,0,2,2,2,10,73,0,0,0,39,0,1,1,0,5,38,0,0,0,2,0,1,1,2,5,35,0,0,0),(33369,21445,'TCP',_binary '192.168.64.22',_binary '195.8.11.143',43072,443,0,'2019-09-03 09:56:44.263931','2019-09-03 09:57:14.807553',30.5436,430,213,217,214,5,209,29768,15462,14306,885.614,1117.9,5996,0,10.6526,96.9721,1275,0,1744.45,988.981,5996,0,14.0782,6.97363,7.10459,13442.5,581,12862,410582,954.842,1115.37,1244040,6062,54,17731,83.2441,96.8298,9376.02,1341,66,392851,1810.37,989.112,978342,6062,54,30.5436,0.0711973,0.83419,10.0787,0.000000976563,10.4866,0.0492327,0.683855,10.0031,0.000000976563,20.0571,0.0928567,0.959152,10.0787,0.00000195313,215,0,2,2,2,16,427,0,0,0,213,0,1,1,0,5,212,0,0,0,2,0,1,1,2,11,215,0,0,0),(33370,21446,'TCP',_binary '192.168.64.22',_binary '172.217.17.1',38608,443,0,'2019-09-03 09:56:44.853329','2019-09-03 10:00:05.855541',201.002,148,70,78,80,21,59,9784,4628,5156,531.196,758.797,3034,0,50.9714,164.028,932,0,962.167,821.978,3034,0,0.73631,0.348255,0.388055,439.801,41,399,88401,597.304,758.722,575659,3100,66,8196,117.086,163.996,26894.5,998,66,80205,1028.27,821.858,675451,3100,66,201.002,1.36736,8.27194,58.943,0.00000390625,113.092,1.63902,9.46453,58.943,0.00000415039,87.9099,1.12705,7.04203,58.0566,0.00000390625,70,0,2,2,0,49,147,0,0,0,70,0,1,1,0,21,69,0,0,0,0,0,1,1,0,28,78,0,0,0),(33371,21447,'TCP',_binary '192.168.64.22',_binary '172.217.16.226',48390,443,0,'2019-09-03 09:56:45.001884','2019-09-03 09:56:45.066611',0.0647271,17,11,6,8,4,4,1126,722,404,248.294,459.777,1418,0,72,150.727,517,0,571.5,629.174,1418,0,262.641,169.944,92.6969,82608.4,23391,59218,5347,314.529,459.668,211294,1484,54,1514,137.636,150.963,22789.9,583,54,3833,638.833,627.969,394345,1484,66,0.0647271,0.00404544,0.00680929,0.023217,0.00000683594,0.0413721,0.00413721,0.00541765,0.0130281,0.0000100098,0.023355,0.0038925,0.00864222,0.023217,0.00000683594,11,0,1,2,1,7,15,0,0,0,11,0,1,1,1,4,9,0,0,0,0,0,0,1,0,3,6,0,0,0),(33372,21448,'TCP',_binary '192.168.64.22',_binary '195.8.11.16',34962,443,0,'2019-09-03 09:56:45.026453','2019-09-03 09:57:32.922840',47.8964,5183,1916,3267,3267,11,3256,344234,128628,215606,1101.3,981.018,4344,0,5.64666,82.9234,1307,0,1743.88,637.06,4344,0,108.213,40.003,68.2097,126362,2911,123451,6052300,1167.72,980.555,961488,4410,54,139447,72.7803,82.9604,6882.44,1373,66,5912850,1809.87,637.073,405862,4410,54,47.8964,0.00924284,0.26687,10.2448,0,27.6143,0.0144125,0.29915,10.2448,0,20.282,0.00621006,0.245918,10.2387,0.0000012207,1918,0,2,2,2,183,5180,0,0,0,1916,0,1,1,0,11,1915,0,0,0,2,0,1,1,2,172,3265,0,0,0),(33373,21448,'TCP',_binary '192.168.64.22',_binary '195.8.11.16',34964,443,0,'2019-09-03 09:56:45.026535','2019-09-03 09:57:18.579917',33.5534,474,218,256,255,6,249,31924,15044,16880,995.118,1108.24,5792,0,19.7661,146.465,1227,0,1825.69,869.397,5792,0,14.1267,6.49711,7.62963,15009.2,577,14432,503610,1062.47,1107.03,1225520,5858,54,19353,88.7752,146.15,21360,1293,66,484257,1891.63,869.529,756082,5858,54,33.5534,0.0709374,0.806303,10.1381,0.00000268555,13.3611,0.0612896,0.695193,10.0367,0.00000292969,20.1922,0.0791853,0.890282,10.1381,0.00000268555,220,0,2,2,2,24,471,0,0,0,218,0,1,1,0,6,217,0,0,0,2,0,1,1,2,18,254,0,0,0),(33374,21449,'TCP',_binary '192.168.64.22',_binary '216.58.211.34',47506,443,0,'2019-09-03 09:56:45.205132','2019-09-03 10:03:24.703712',399.499,261,114,147,151,37,114,17254,7532,9722,501.284,773.485,2836,0,54.8158,164.464,1045,0,847.524,875.675,2836,0,0.653319,0.285358,0.367961,370.687,34,336,148089,567.391,773.416,598173,2902,66,13781,120.886,164.442,27041.2,1111,66,134308,913.66,875.544,766578,2902,66,399.499,1.53653,8.54188,58.9866,0.000000976563,154.814,1.37003,8.23656,58.9866,0.000000976563,244.685,1.66452,8.76721,58.6785,0.00000292969,114,0,2,2,0,94,260,0,0,0,114,0,1,1,0,37,113,0,0,0,0,0,1,1,0,57,147,0,0,0),(33375,21450,'TCP',_binary '192.168.64.22',_binary '35.167.81.14',60482,443,0,'2019-09-03 09:56:48.592420','2019-09-03 09:56:54.713466',6.12105,16,10,6,7,3,4,1060,656,404,235.625,496.767,1566,0,67.4,154.499,517,0,516,701.794,1566,0,2.61393,1.63371,0.980225,789.081,217,572,4830,301.875,496.666,246677,1632,54,1330,133,154.74,23944.4,583,54,3500,583.333,700.819,491147,1632,66,6.12105,0.40807,1.33759,5.40459,0.0000170898,6.11838,0.67982,1.67251,5.40459,0.0000170898,0.00266919,0.000444865,0.000913879,0.00248828,0.0000219727,16,0,1,2,1,6,14,0,0,0,10,0,1,1,1,3,8,0,0,0,6,0,0,1,0,3,6,0,0,0),(33376,21451,'TCP',_binary '192.168.64.22',_binary '192.30.253.113',52796,443,0,'2019-09-03 09:56:48.652957','2019-09-03 09:56:49.908933',1.25598,44,24,20,22,5,17,2908,1580,1328,711.773,1049.07,4272,0,93.9583,247.229,976,0,1453.15,1157.66,4272,0,35.0325,19.1086,15.9239,27250.5,3053,24197,34226,777.864,1049.01,1100420,4338,54,3835,159.792,247.31,61162.3,1042,54,30391,1519.55,1157.15,1339010,4338,66,1.25598,0.0292087,0.0714384,0.350026,0.00000268555,0.985706,0.0428568,0.0785686,0.350026,0.00000268555,0.27027,0.0135135,0.0584198,0.268154,0.00000512695,44,0,1,2,1,13,42,0,0,0,24,0,1,1,1,5,22,0,0,0,20,0,0,1,0,8,20,0,0,0),(33377,21452,'TCP',_binary '192.168.64.22',_binary '93.184.220.29',49790,80,0,'2019-09-03 09:56:48.882208','2019-09-03 09:59:09.884769',141.003,51,29,22,10,5,5,3382,1922,1460,114.392,248.682,788,0,65.3448,143.163,379,0,179.045,330.144,788,0,0.361696,0.20567,0.156026,65.3605,27,38,9216,180.706,248.543,61773.5,854,66,3817,131.621,143.045,20461.8,445,66,5399,245.409,329.951,108867,854,66,141.003,2.82005,4.411,10.3589,0.0000146484,23.6861,0.845932,2.56319,10.0111,0.000249268,117.316,5.33257,4.9584,10.3589,0.0000146484,29,0,2,2,0,10,50,0,0,0,29,0,1,1,0,5,28,0,0,0,0,0,1,1,0,5,22,0,0,0),(33378,21453,'TCP',_binary '192.168.64.22',_binary '185.199.111.154',57228,443,0,'2019-09-03 09:56:49.395737','2019-09-03 09:56:49.494236',0.0984993,8,5,3,2,1,1,532,326,206,244.625,482.462,1440,0,103.4,206.8,517,0,480,678.823,1440,0,81.2189,50.7618,30.4571,25269.2,8558,16711,2489,311.125,482.244,232559,1506,54,843,168.6,207.298,42972.6,583,54,1646,548.667,676.945,458254,1506,66,0.0984993,0.0140713,0.0174879,0.0495872,0.0000100098,0.096165,0.0240413,0.01739,0.0495872,0.00103589,0.00233423,0.000778076,0.00106505,0.00228418,0.0000100098,8,0,1,2,1,1,6,0,0,0,5,0,1,1,1,1,3,0,0,0,3,0,0,1,0,0,3,0,0,0),(33379,21453,'TCP',_binary '192.168.64.22',_binary '185.199.111.154',57230,443,0,'2019-09-03 09:56:49.395843','2019-09-03 09:56:49.485370',0.0895269,8,5,3,2,1,1,532,326,206,244.625,482.462,1440,0,103.4,206.8,517,0,480,678.823,1440,0,89.3587,55.8492,33.5095,27801.7,9416,18386,2489,311.125,482.244,232559,1506,54,843,168.6,207.298,42972.6,583,54,1646,548.667,676.945,458254,1506,66,0.0895269,0.0127896,0.0171002,0.045021,0.000013916,0.088946,0.0222365,0.0174196,0.045021,0.00148706,0.000580811,0.000193604,0.000251359,0.000549072,0.000013916,8,0,1,2,1,1,6,0,0,0,5,0,1,1,1,1,3,0,0,0,3,0,0,1,0,0,3,0,0,0),(33380,21453,'TCP',_binary '192.168.64.22',_binary '185.199.111.154',57232,443,0,'2019-09-03 09:56:49.395984','2019-09-03 09:56:49.527954',0.13197,19,12,7,9,4,5,1258,788,470,265.263,470.035,1440,0,69.5833,146.183,517,0,600.714,620.382,1440,0,143.972,90.9296,53.0423,47722.9,12298,35425,6298,331.474,469.932,220836,1506,54,1623,135.25,146.4,21433,583,54,4675,667.857,619.281,383509,1506,66,0.13197,0.00733168,0.0157417,0.0444392,0.00000585938,0.130161,0.0118328,0.0187925,0.0444392,0.00000634766,0.00180908,0.00025844,0.000608932,0.00175,0.00000585938,19,0,1,2,1,7,17,0,0,0,12,0,1,1,1,4,10,0,0,0,7,0,0,1,0,3,7,0,0,0),(33381,21453,'TCP',_binary '192.168.64.22',_binary '185.199.111.154',57234,443,0,'2019-09-03 09:56:49.396205','2019-09-03 09:59:39.920756',170.525,101,54,47,61,26,35,6670,3560,3110,460.03,731.229,2788,0,46.3889,83.0318,517,0,935.277,847.742,2788,0,0.59229,0.31667,0.27562,311.586,36,276,53133,526.069,731.206,534663,2854,54,6065,112.315,83.0963,6904.99,583,54,47068,1001.45,847.555,718350,2854,66,170.525,1.70525,9.67158,58.8793,0.000000976563,111.573,2.10515,10.5893,58.1085,0.000000976563,58.9516,1.25429,8.49635,58.8793,0.00000292969,101,0,1,2,1,50,99,0,0,0,54,0,1,1,1,26,52,0,0,0,47,0,0,1,0,24,47,0,0,0),(33382,21453,'TCP',_binary '192.168.64.22',_binary '185.199.111.154',57236,443,0,'2019-09-03 09:56:49.455622','2019-09-03 09:56:49.490285',0.0346628,3,2,1,0,0,0,202,128,74,0,0,0,0,0,0,0,0,0,0,0,0,86.548,57.6987,28.8493,5827.57,3693,2135,202,67.3333,9.42809,88.8889,74,54,128,64,10,100,74,54,74,74,0,0,74,74,0.0346628,0.0173314,0.0173104,0.0346418,0.0000209961,0.0346418,0.0346418,0,0.0346418,0.0346418,0.0000209961,0.0000209961,0,0.0000209961,0.0000209961,3,0,0,2,1,0,1,0,0,0,2,0,0,1,1,0,0,0,0,0,1,0,0,1,0,0,1,0,0,0),(33383,21453,'TCP',_binary '192.168.64.22',_binary '185.199.111.154',57238,443,0,'2019-09-03 09:56:49.456657','2019-09-03 09:56:49.581251',0.124594,19,12,7,9,4,5,1258,788,470,265.263,470.035,1440,0,69.5833,146.183,517,0,600.714,620.382,1440,0,152.495,96.3128,56.1825,50548.2,13026,37522,6298,331.474,469.932,220836,1506,54,1623,135.25,146.4,21433,583,54,4675,667.857,619.281,383509,1506,66,0.124594,0.00692189,0.0149318,0.040366,0.00000366211,0.123094,0.0111904,0.0178282,0.040366,0.0000100098,0.00149951,0.000214216,0.000481043,0.00139185,0.00000366211,19,0,1,2,1,7,17,0,0,0,12,0,1,1,1,4,10,0,0,0,7,0,0,1,0,3,7,0,0,0),(33384,21453,'TCP',_binary '192.168.64.22',_binary '185.199.111.154',57240,443,0,'2019-09-03 09:56:49.457007','2019-09-03 09:59:39.921763',170.465,37,23,14,20,12,8,2446,1514,932,156.189,357.371,1440,0,63.087,116.318,517,0,309.143,526.942,1440,0,0.217054,0.134925,0.0821284,48.2504,17,31,8225,222.297,357.334,127688,1506,54,2965,128.913,116.451,13560.8,583,54,5260,375.714,526.61,277318,1506,66,170.465,4.73513,14.8276,58.127,0.00000292969,69.3493,3.15224,12.2045,58.1079,0.0000161133,101.115,7.22253,17.9209,58.127,0.00000292969,37,0,1,2,1,18,35,0,0,0,23,0,1,1,1,12,21,0,0,0,14,0,0,1,0,6,14,0,0,0),(33385,21454,'TCP',_binary '192.168.64.22',_binary '172.217.168.170',38698,443,0,'2019-09-03 09:56:49.610706','2019-09-03 09:59:39.897238',170.287,38,22,16,18,10,8,2524,1460,1064,84.4737,169.465,641,0,68.5909,154.761,641,0,106.312,185.606,564,0,0.223153,0.129194,0.0939593,33.6727,17,16,5734,150.895,169.264,28650.4,707,66,2969,134.955,154.609,23904,707,66,2765,172.812,185.329,34346.9,630,66,170.287,4.60234,15.4882,58.0916,0.000000976563,112.149,5.34042,16.4557,58.0916,0.000000976563,58.1378,3.63361,14.0594,58.0856,0.00000317383,22,0,2,2,0,18,37,0,0,0,22,0,1,1,0,10,21,0,0,0,0,0,1,1,0,8,16,0,0,0),(33386,21455,'TCP',_binary '192.168.64.22',_binary '151.101.36.133',40238,443,0,'2019-09-03 09:56:49.659650','2019-09-03 09:58:44.909706',115.25,43,24,19,10,4,6,2842,1580,1262,180.163,523.078,2880,0,40.875,121.175,517,0,356.105,738.387,2880,0,0.373102,0.208243,0.164859,91.8785,22,70,10589,246.256,523.052,273584,2946,54,2561,106.708,121.267,14705.6,583,54,8028,422.526,738.186,544918,2946,66,115.25,2.74405,4.44544,10.2006,0.00000585938,10.6316,0.462242,2.03511,10.0074,0.0000219727,104.618,5.50624,4.97375,10.2006,0.00000585938,43,0,1,2,1,8,41,0,0,0,24,0,1,1,1,4,22,0,0,0,19,0,0,1,0,4,19,0,0,0),(33387,21455,'TCP',_binary '192.168.64.22',_binary '151.101.36.133',40240,443,0,'2019-09-03 09:56:49.659714','2019-09-03 09:58:44.904464',115.245,41,23,18,9,4,5,2710,1514,1196,189.024,578.584,2638,0,42.6957,123.579,517,0,376,825.03,2638,0,0.355765,0.199575,0.156189,90.7634,22,69,10460,255.122,578.558,334729,2704,54,2496,108.522,123.676,15295.7,583,54,7964,442.444,824.829,680344,2704,66,115.245,2.88112,4.51642,10.2057,0.00000708008,10.5299,0.478631,2.07785,10.0003,0.00000708008,104.715,5.81749,4.93712,10.2057,0.000026123,41,0,1,2,1,8,39,0,0,0,23,0,1,1,1,4,21,0,0,0,18,0,0,1,0,4,18,0,0,0),(33388,21456,'TCP',_binary '192.168.64.22',_binary '3.224.219.57',36214,443,0,'2019-09-03 09:56:49.805600','2019-09-03 09:57:50.669801',60.8642,32,18,14,9,4,5,2128,1196,932,204.969,584.704,2896,0,131.556,397.369,1694,0,299.357,750.055,2896,0,0.525761,0.29574,0.23002,142.728,59,84,8687,271.469,584.532,341678,2962,66,3564,198,397.226,157789,1760,66,5123,365.929,749.83,562245,2962,66,60.8642,1.96336,3.93221,10.1393,0.000013916,11.0418,0.649516,2.36229,10.0968,0.0000161133,49.8224,3.55875,4.77707,10.1393,0.000013916,32,0,2,2,0,8,31,0,0,0,18,0,1,1,0,4,17,0,0,0,14,0,1,1,0,4,14,0,0,0),(33389,21457,'TCP',_binary '192.168.64.22',_binary '192.30.253.116',44360,443,0,'2019-09-03 09:56:49.891658','2019-09-03 09:57:50.352764',60.4611,35,19,16,11,6,5,2302,1262,1040,359.143,886.641,3402,0,424.105,922.348,2848,0,282,835.743,3402,0,0.578885,0.314252,0.264633,245.976,154,92,14872,424.914,886.74,786309,3468,54,9320,490.526,922.156,850371,2914,66,5552,347,836.093,699051,3468,54,60.4611,1.77827,3.77027,10.1372,0.00000390625,10.9609,0.576888,2.22182,10.0009,0.00000390625,49.5002,3.30002,4.67159,10.1372,0.0000183105,35,0,2,2,2,9,32,0,0,0,19,0,1,1,0,4,18,0,0,0,16,0,1,1,2,5,14,0,0,0),(33390,21444,'TCP',_binary '192.168.64.22',_binary '172.217.17.14',41772,443,0,'2019-09-03 09:56:50.255399','2019-09-03 09:56:50.326468',0.0710691,17,11,6,7,4,3,1138,734,404,244.824,768.172,3277,0,72,150.727,517,0,561.667,1214.55,3277,0,239.204,154.779,84.4249,74575.3,21472,53103,5300,311.765,767.877,589635,3343,66,1526,138.727,150.397,22619.3,583,66,3774,629,1213.93,1473630,3343,66,0.0710691,0.00444182,0.00620095,0.0177793,0.00000683594,0.0531069,0.00531069,0.00576852,0.0147158,0.00000805664,0.0179622,0.00299369,0.00661235,0.0177793,0.00000683594,11,0,2,2,0,7,16,0,0,0,11,0,1,1,0,4,10,0,0,0,0,0,1,1,0,3,6,0,0,0),(33391,21458,'TCP',_binary '192.168.64.22',_binary '216.58.214.162',59210,443,0,'2019-09-03 09:56:55.456435','2019-09-03 09:56:55.637470',0.181035,15,10,5,7,4,3,1006,668,338,294.6,753.533,3032,0,79.2,156.27,517,0,725.4,1173.12,3032,0,82.8569,55.238,27.619,29966.6,8065,21902,5425,361.667,753.12,567190,3098,66,1460,146,155.883,24299.4,583,66,3965,793,1172.13,1373900,3098,66,0.181035,0.0129311,0.0305277,0.12034,0.0000090332,0.159183,0.017687,0.0366689,0.12034,0.0000129395,0.0218523,0.00437046,0.00866818,0.0217068,0.0000090332,10,0,0,2,1,7,14,0,0,0,10,0,0,1,1,4,9,0,0,0,0,0,0,1,0,3,5,0,0,0),(33392,21459,'TCP',_binary '192.168.64.22',_binary '172.217.168.166',48936,443,0,'2019-09-03 09:57:02.796178','2019-09-03 09:59:53.849499',171.053,31,20,11,16,10,6,2062,1328,734,172,579.992,3257,0,62.7,125.408,517,0,370.727,926.392,3257,0,0.18123,0.116923,0.0643074,43.2263,15,28,7394,238.516,579.842,336217,3323,66,2582,129.1,125.22,15680.1,583,66,4812,437.455,926.104,857668,3323,66,171.053,5.70178,17.0887,58.2484,0.00000683594,112.997,5.94724,17.3145,58.2484,0.00000683594,58.0558,5.2778,16.683,58.0342,0.0000151367,20,0,2,2,0,16,30,0,0,0,20,0,1,1,0,10,19,0,0,0,0,0,1,1,0,6,11,0,0,0),(33393,21450,'TCP',_binary '192.168.64.22',_binary '35.167.81.14',60518,443,0,'2019-09-03 09:57:06.148160','2019-09-03 09:57:12.143389',5.99523,14,8,6,5,3,2,928,524,404,55.3571,133.613,517,0,74.875,168.078,517,0,29.3333,52.9518,145,0,2.33519,1.33439,1.0008,284.059,187,97,1703,121.643,133.567,17840.2,583,54,1123,140.375,168.377,28350.7,583,54,580,96.6667,52.293,2734.56,211,66,5.99523,0.461171,1.38734,5.25835,0.0000119629,0.735863,0.105123,0.0913309,0.211069,0.0000119629,5.25937,0.876561,1.95959,5.25835,0.0000209961,14,0,1,2,1,5,12,0,0,0,8,0,1,1,1,3,6,0,0,0,6,0,0,1,0,2,6,0,0,0),(33394,21460,'TCP',_binary '192.168.64.22',_binary '104.25.158.7',59924,443,0,'2019-09-03 09:57:06.199836','2019-09-03 09:59:56.840533',170.641,175,71,104,120,38,82,9482,3854,5628,387.291,592.247,2977,0,63.0563,95.8055,517,0,608.644,680.575,2977,0,1.02555,0.416079,0.609468,452.753,49,404,77258,441.474,592.13,350618,3031,54,8331,117.338,95.649,9148.73,571,54,68927,662.76,680.473,463044,3031,54,170.641,0.980694,7.36416,58.9508,0.000000976563,112.458,1.60654,9.32057,58.9508,0.00000195313,58.1832,0.559454,5.64083,57.8068,0.000000976563,175,0,2,2,0,114,174,0,0,0,71,0,1,1,0,38,70,0,0,0,104,0,1,1,0,76,104,0,0,0),(33395,21461,'TCP',_binary '192.168.64.22',_binary '104.19.198.151',48062,443,0,'2019-09-03 09:57:06.645289','2019-09-03 09:57:06.665293',0.0200039,12,7,5,3,1,2,680,398,282,359.417,724.892,2336,0,73.8571,180.912,517,0,759.2,970.214,2336,0,599.883,349.932,249.951,249601,45741,203860,4993,416.083,723.595,523590,2390,54,915,130.714,179.878,32356.2,571,54,4078,815.6,968.346,937693,2390,54,0.0200039,0.00181854,0.00315032,0.011397,0.0000090332,0.0185667,0.00309444,0.0037902,0.011397,0.0000307617,0.00143726,0.000287451,0.000545383,0.00137817,0.0000090332,12,0,2,2,0,2,11,0,0,0,7,0,1,1,0,1,6,0,0,0,5,0,1,1,0,1,5,0,0,0),(33396,21461,'TCP',_binary '192.168.64.22',_binary '104.19.198.151',48064,443,0,'2019-09-03 09:57:06.645357','2019-09-03 09:57:06.666539',0.0211821,12,7,5,3,1,2,680,398,282,359.417,724.892,2336,0,73.8571,180.912,517,0,759.2,970.214,2336,0,566.515,330.467,236.048,235718,43197,192521,4993,416.083,723.595,523590,2390,54,915,130.714,179.878,32356.2,571,54,4078,815.6,968.346,937693,2390,54,0.0211821,0.00192565,0.00287323,0.0102358,0.0000078125,0.0197144,0.00328573,0.00328585,0.0102358,0.0000373535,0.00146777,0.000293555,0.000567703,0.00142896,0.0000078125,12,0,2,2,0,2,11,0,0,0,7,0,1,1,0,1,6,0,0,0,5,0,1,1,0,1,5,0,0,0),(33397,21461,'TCP',_binary '192.168.64.22',_binary '104.19.198.151',48066,443,0,'2019-09-03 09:57:06.645422','2019-09-03 09:57:06.667300',0.0218782,12,7,5,3,1,2,680,398,282,359.333,724.665,2335,0,73.8571,180.912,517,0,759,969.889,2335,0,548.492,319.954,228.538,228173,41823,186350,4992,416,723.368,523261,2389,54,915,130.714,179.878,32356.2,571,54,4077,815.4,968.021,937064,2389,54,0.0218782,0.00198892,0.00367588,0.0132759,0.00000683594,0.0208469,0.00347449,0.00444853,0.0132759,0.0000327148,0.00103125,0.00020625,0.000391395,0.000989014,0.00000683594,12,0,2,2,0,2,11,0,0,0,7,0,1,1,0,1,6,0,0,0,5,0,1,1,0,1,5,0,0,0),(33398,21462,'TCP',_binary '192.168.64.22',_binary '45.56.65.7',53210,443,0,'2019-09-03 09:57:06.676571','2019-09-03 09:57:06.819583',0.143012,3,2,1,0,0,0,202,128,74,0,0,0,0,0,0,0,0,0,0,0,0,20.9772,13.9848,6.99241,1412.47,895,517,202,67.3333,9.42809,88.8889,74,54,128,64,10,100,74,54,74,74,0,0,74,74,0.143012,0.0715061,0.0714421,0.142948,0.0000639648,0.142948,0.142948,0,0.142948,0.142948,0.0000639648,0.0000639648,0,0.0000639648,0.0000639648,3,0,0,2,1,0,1,0,0,0,2,0,0,1,1,0,0,0,0,0,1,0,0,1,0,0,1,0,0,0),(33399,21462,'TCP',_binary '192.168.64.22',_binary '45.56.65.7',53212,443,0,'2019-09-03 09:57:06.676997','2019-09-03 09:58:13.692636',67.0156,47,25,22,16,7,9,3094,1658,1436,407.149,920.97,4344,0,177.72,349.082,950,0,667.864,1243.29,4344,0,0.701329,0.373047,0.328282,331.714,91,241,22230,472.979,921.05,848334,4410,54,6101,244.04,348.923,121747,1016,66,16129,733.136,1243.69,1546760,4410,54,67.0156,1.45686,3.38764,10.2183,0.0000109863,12.8754,0.515017,1.94244,10.0031,0.0000109863,54.1402,2.57811,4.28172,10.2183,0.0000119629,47,0,2,2,2,14,44,0,0,0,25,0,1,1,0,7,24,0,0,0,22,0,1,1,2,7,20,0,0,0),(33400,21462,'TCP',_binary '192.168.64.22',_binary '45.56.65.7',53214,443,0,'2019-09-03 09:57:06.677309','2019-09-03 09:57:06.820992',0.143683,3,2,1,0,0,0,202,128,74,0,0,0,0,0,0,0,0,0,0,0,0,20.8793,13.9195,6.95977,1405.87,891,515,202,67.3333,9.42809,88.8889,74,54,128,64,10,100,74,54,74,74,0,0,74,74,0.143683,0.0718414,0.0718024,0.143644,0.0000390625,0.143644,0.143644,0,0.143644,0.143644,0.0000390625,0.0000390625,0,0.0000390625,0.0000390625,3,0,0,2,1,0,1,0,0,0,2,0,0,1,1,0,0,0,0,0,1,0,0,1,0,0,1,0,0,0),(33401,21463,'TCP',_binary '192.168.64.22',_binary '104.27.146.99',59808,443,0,'2019-09-03 09:57:06.693050','2019-09-03 09:59:57.842408',171.149,32,19,13,15,9,6,1760,1046,714,204.75,558.048,2920,0,67.6842,135.94,517,0,405.077,819.737,2920,0,0.186971,0.111014,0.075957,48.5658,14,35,8312,259.75,557.695,311024,2974,54,2332,122.737,135.488,18357,571,54,5980,460,819.287,671231,2974,54,171.149,5.52095,16.86,58.9923,0.00000512695,171.013,9.50071,21.2553,58.9923,0.00000512695,0.136596,0.0105074,0.0354728,0.133371,0.00000708008,32,0,2,2,0,14,31,0,0,0,19,0,1,1,0,9,18,0,0,0,13,0,1,1,0,5,13,0,0,0),(33402,21464,'TCP',_binary '192.168.64.22',_binary '195.8.22.57',58378,80,0,'2019-09-03 09:57:06.983268','2019-09-03 09:59:02.874382',115.891,32,17,15,2,1,1,2128,1130,998,40.75,170.781,913,0,23,92,391,0,60.8667,227.742,913,0,0.276121,0.146689,0.129432,29.614,13,16,3432,107.25,170.672,29129,979,66,1521,89.4706,91.9016,8445.9,457,66,1911,127.4,227.608,51805.6,979,66,115.891,3.73842,4.84371,10.2388,0.0000297852,10.0836,0.630223,2.43502,10.061,0.000141113,105.808,7.05384,4.5679,10.2388,0.0000297852,32,0,2,2,0,2,31,0,0,0,17,0,1,1,0,1,16,0,0,0,15,0,1,1,0,1,15,0,0,0),(33403,21462,'TCP',_binary '192.168.64.22',_binary '45.56.65.7',53220,443,0,'2019-09-03 09:57:07.254862','2019-09-03 09:58:13.212061',65.9572,32,16,16,7,4,3,2104,1064,1040,72.5625,207.501,952,0,101.062,260.569,952,0,44.0625,128.813,522,0,0.485163,0.242582,0.242582,67.1041,41,26,4426,138.312,207.62,43105.9,1018,54,2681,167.562,260.382,67798.8,1018,66,1745,109.062,129.236,16701.9,588,54,65.9572,2.12765,3.95833,10.1771,0.0000078125,11.3076,0.706723,2.40177,10.006,0.0000078125,54.6496,3.64331,4.66663,10.1771,0.0000200195,32,0,2,2,2,7,29,0,0,0,16,0,1,1,0,4,15,0,0,0,16,0,1,1,2,3,14,0,0,0),(33404,21462,'TCP',_binary '192.168.64.22',_binary '45.56.65.7',53222,443,0,'2019-09-03 09:57:07.257721','2019-09-03 09:58:13.468265',66.2105,36,18,18,9,5,4,2368,1196,1172,105.389,253.938,952,0,142.611,315.011,952,0,68.1667,164.214,522,0,0.54372,0.27186,0.27186,93.0667,57,36,6162,171.167,254.053,64542.9,1018,54,3763,209.056,314.815,99108.4,1018,66,2399,133.278,164.64,27106.2,588,54,66.2105,1.89173,3.79608,10.4324,0.00000512695,11.9843,0.665795,2.26834,10.0057,0.00000512695,54.2262,3.18978,4.57645,10.4324,0.0000249023,36,0,2,2,2,9,33,0,0,0,18,0,1,1,0,5,17,0,0,0,18,0,1,1,2,4,16,0,0,0),(33405,21462,'TCP',_binary '192.168.64.22',_binary '45.56.65.7',53224,443,0,'2019-09-03 09:57:07.259112','2019-09-03 09:58:13.504531',66.2454,36,18,18,9,5,4,2368,1196,1172,127.889,317.435,1323,0,143.111,316.3,961,0,112.667,317.839,1323,0,0.543434,0.271717,0.271717,105.245,57,48,6972,193.667,317.543,100834,1389,54,3772,209.556,316.104,99921.6,1027,66,3200,177.778,318.183,101241,1389,54,66.2454,1.89273,3.79442,10.3693,0.00000830078,12.0439,0.669104,2.27613,10.0396,0.00000830078,54.2015,3.18833,4.57086,10.3693,0.0000148926,36,0,2,2,2,9,33,0,0,0,18,0,1,1,0,5,17,0,0,0,18,0,1,1,2,4,16,0,0,0),(33406,21465,'TCP',_binary '192.168.64.22',_binary '23.10.69.99',53982,443,0,'2019-09-03 09:57:07.311663','2019-09-03 09:57:48.439066',41.1274,50,26,24,23,9,14,3328,1772,1556,398.24,824.19,4344,0,53.0769,116.189,517,0,772.167,1063.8,4344,0,1.21573,0.632182,0.583553,565.073,77,488,23240,464.8,823.933,678865,4410,54,3152,121.231,115.288,13291.3,583,66,20088,837,1064.66,1133490,4410,54,41.1274,0.839335,5.65582,40.0189,0.00000585938,0.936601,0.0360231,0.119324,0.598419,0.00000585938,40.1908,1.74743,8.15958,40.0189,0.00000683594,50,0,2,2,3,17,46,0,0,0,26,0,1,1,0,9,25,0,0,0,24,0,1,1,3,8,21,0,0,0),(33407,21466,'TCP',_binary '192.168.64.22',_binary '13.225.13.5',46570,443,0,'2019-09-03 09:57:07.371279','2019-09-03 09:59:57.841042',170.47,45,26,19,22,10,12,2986,1724,1262,286.489,753.482,4344,0,54.9615,115.145,517,0,603.316,1073.67,4344,0,0.263976,0.15252,0.111457,93.1426,18,75,15878,352.844,753.349,567534,4410,66,3153,121.269,115.008,13226.9,583,66,12725,669.737,1073.43,1152250,4410,66,170.47,3.87431,14.3392,58.9922,0.000000976563,170.465,6.81861,18.488,58.9922,0.000000976563,0.00439575,0.000231355,0.000612482,0.00266089,0.00000292969,45,0,2,2,0,20,44,0,0,0,26,0,1,1,0,10,25,0,0,0,19,0,1,1,0,10,19,0,0,0),(33408,21467,'TCP',_binary '192.168.64.22',_binary '205.185.208.52',56060,443,0,'2019-09-03 09:57:07.507169','2019-09-03 09:57:17.679136',10.172,57,28,29,25,4,21,3842,1944,1898,686.07,1043.62,2896,0,39.2857,122.822,517,0,1310.55,1154.24,2896,0,5.60364,2.75266,2.85097,4222.19,299,3923,42948,753.474,1042.71,1087240,2962,54,3044,108.714,121.883,14855.6,583,66,39904,1376,1154.87,1333730,2962,54,10.172,0.181642,1.30619,9.86821,0.00000415039,10.1644,0.363014,1.82934,9.86821,0.00000415039,0.00758521,0.0002709,0.000866037,0.00448706,0.00000683594,57,0,2,2,2,11,54,0,0,0,28,0,1,1,0,4,27,0,0,0,29,0,1,1,2,7,27,0,0,0),(33409,21461,'TCP',_binary '192.168.64.22',_binary '104.19.198.151',48090,443,0,'2019-09-03 09:57:07.883563','2019-09-03 10:00:05.846216',177.963,74,32,42,48,11,37,4028,1748,2280,645.203,787.725,2782,0,47,109.223,517,0,1100.98,777.056,2782,0,0.415818,0.179813,0.236005,290.921,18,273,51773,699.635,787.375,619960,2836,54,3252,101.625,109.009,11882.9,571,54,48521,1155.26,776.654,603191,2836,54,177.963,2.43784,11.3191,58.9527,0.00000292969,177.916,5.73921,16.8155,58.9527,0.00000292969,0.0470942,0.00112129,0.00613367,0.0402866,0.00000292969,74,0,2,2,0,39,73,0,0,0,32,0,1,1,0,11,31,0,0,0,42,0,1,1,0,28,42,0,0,0),(33410,21461,'TCP',_binary '192.168.64.22',_binary '104.19.198.151',48092,443,0,'2019-09-03 09:57:07.884096','2019-09-03 09:57:07.910550',0.0264541,16,10,6,6,4,2,896,560,336,320.25,913.659,3795,0,79.2,156.27,517,0,722,1388.21,3795,0,604.821,378.013,226.808,227564,51107,176457,6020,376.25,912.974,833522,3849,54,1352,135.2,155.369,24139.6,571,54,4668,778,1387.17,1924250,3849,54,0.0264541,0.00176361,0.00329129,0.0134138,0.00000488281,0.0246121,0.00273467,0.00392998,0.0134138,0.00000610352,0.00184204,0.000307007,0.000614977,0.00167896,0.00000488281,16,0,2,2,0,6,15,0,0,0,10,0,1,1,0,4,9,0,0,0,6,0,1,1,0,2,6,0,0,0),(33411,21468,'TCP',_binary '192.168.64.22',_binary '95.100.120.32',52076,443,0,'2019-09-03 09:57:07.898468','2019-09-03 09:57:48.987482',41.089,70,36,34,36,18,18,4636,2420,2216,218.686,383.465,2430,0,122.389,165.331,555,0,320.647,503.57,2430,0,1.70362,0.876147,0.827472,485.385,166,319,19944,284.914,383.353,146959,2496,54,6826,189.611,164.461,27047.5,621,66,13118,385.824,504.108,254125,2496,54,41.089,0.595493,4.75424,39.7986,0.00000610352,40.1635,1.11565,6.53863,39.7986,0.00000610352,0.925483,0.0280449,0.0541779,0.186348,0.00000634766,70,0,2,2,3,35,66,0,0,0,36,0,1,1,0,18,35,0,0,0,34,0,1,1,3,17,31,0,0,0),(33412,21468,'TCP',_binary '192.168.64.22',_binary '95.100.120.32',52078,443,0,'2019-09-03 09:57:07.898541','2019-09-03 09:57:07.938065',0.0395239,17,11,6,8,4,4,1126,722,404,286.706,638.679,2430,0,78.9091,151.738,517,0,667.667,942.997,2430,0,430.119,278.312,151.807,151807,40229,111578,6000,352.941,638.586,407792,2496,54,1590,144.545,151.989,23100.6,583,54,4410,735,942.057,887472,2496,66,0.0395239,0.00247025,0.00367903,0.00990601,0.00000610352,0.0348667,0.00348667,0.00414275,0.00990601,0.00000805664,0.00465723,0.000776204,0.00170246,0.00458301,0.00000610352,17,0,1,2,1,7,15,0,0,0,11,0,1,1,1,4,9,0,0,0,6,0,0,1,0,3,6,0,0,0),(33413,21469,'TCP',_binary '192.168.64.22',_binary '151.139.237.11',57296,443,0,'2019-09-03 09:57:07.962449','2019-09-03 09:59:58.878382',170.916,34,21,13,17,9,8,1868,1154,714,254.412,633.403,2920,0,65,128.872,517,0,560.385,933.214,2920,0,0.198928,0.122867,0.0760608,61.539,15,47,10518,309.353,633.037,400735,2974,54,2519,119.952,128.461,16502.2,571,54,7999,615.308,932.665,869863,2974,54,170.916,5.17927,16.3617,58.9573,0.0000090332,170.914,8.5457,20.3211,58.9573,0.0000112305,0.00193823,0.000149095,0.000384242,0.00147607,0.0000090332,34,0,2,2,0,16,33,0,0,0,21,0,1,1,0,9,20,0,0,0,13,0,1,1,0,7,13,0,0,0),(33414,21470,'TCP',_binary '192.168.64.22',_binary '151.139.128.14',44042,80,0,'2019-09-03 09:57:08.102803','2019-09-03 09:58:19.030145',70.9273,27,14,13,5,2,3,1798,932,866,95.9259,219.237,916,0,54.1429,132.622,379,0,140.923,277.454,916,0,0.380671,0.197385,0.183286,61.8661,24,38,4388,162.519,218.988,47955.7,982,66,1690,120.714,132.405,17531.1,445,66,2698,207.538,277.15,76811.9,982,66,70.9273,2.72797,4.29134,10.3195,0.00000683594,16.4542,1.1753,2.93233,10.3195,0.000156006,54.4732,4.53943,4.87595,10.2062,0.00000683594,27,0,2,2,0,5,26,0,0,0,14,0,1,1,0,2,13,0,0,0,13,0,1,1,0,3,13,0,0,0),(33415,21447,'TCP',_binary '192.168.64.22',_binary '172.217.16.226',48478,443,0,'2019-09-03 09:57:08.124065','2019-09-03 09:57:08.183863',0.0597981,17,11,6,8,4,4,1126,722,404,218.765,454.645,1418,0,72,150.727,517,0,487.833,657.355,1418,0,284.29,183.952,100.338,81022.6,25319,55704,4845,285,454.549,206615,1484,54,1514,137.636,150.963,22789.9,583,54,3331,555.167,656.372,430824,1484,66,0.0597981,0.00373738,0.00643334,0.0197209,0.00000708008,0.0492017,0.00492017,0.00730201,0.0197209,0.00000708008,0.0105964,0.00176607,0.00390954,0.0105081,0.0000090332,11,0,1,2,1,7,15,0,0,0,11,0,1,1,1,4,9,0,0,0,0,0,0,1,0,3,6,0,0,0),(33416,21447,'TCP',_binary '192.168.64.22',_binary '172.217.16.226',48480,443,0,'2019-09-03 09:57:08.158326','2019-09-03 09:57:08.216286',0.05796,15,10,5,7,4,3,994,656,338,247.8,702.893,2832,0,79.2,156.27,517,0,585,1123.74,2832,0,258.799,172.533,86.2664,81280.2,24983,56297,4711,314.067,702.812,493945,2898,54,1448,144.8,156.539,24504.4,583,54,3263,652.6,1122.91,1260920,2898,66,0.05796,0.00414,0.00636768,0.020624,0.00000805664,0.0372473,0.00413859,0.00503446,0.0118591,0.00000805664,0.0207126,0.00414253,0.00824075,0.020624,0.0000178223,10,0,1,2,1,7,13,0,0,0,10,0,1,1,1,4,8,0,0,0,0,0,0,1,0,3,5,0,0,0),(33417,21471,'TCP',_binary '192.168.64.22',_binary '88.221.65.191',44680,443,0,'2019-09-03 09:57:08.420736','2019-09-03 09:59:03.875507',115.455,48,26,22,12,5,7,3172,1712,1460,175.458,488.99,2896,0,81.0769,209.523,719,0,287,668.465,2896,0,0.415747,0.225196,0.190551,100.42,33,67,11594,241.542,488.966,239087,2962,54,3820,146.923,209.602,43933,785,54,7774,353.364,668.311,446640,2962,66,115.455,2.45648,4.31034,10.2397,0.000000976563,10.2728,0.395109,1.92816,10.0352,0.000000976563,105.182,5.00866,5.02037,10.2397,0.00000292969,48,0,1,2,2,11,46,0,0,0,26,0,1,1,1,5,24,0,0,0,22,0,0,1,1,6,22,0,0,0),(33418,21472,'TCP',_binary '192.168.64.22',_binary '185.33.223.83',52514,443,0,'2019-09-03 09:57:08.426101','2019-09-03 09:57:18.725889',10.2998,28,16,12,13,6,7,1840,1064,776,305.786,461.31,1448,0,180.562,297.221,817,0,472.75,574.436,1448,0,2.7185,1.55343,1.16507,1009.92,384,626,10402,371.5,461.515,212996,1514,54,3953,247.062,296.923,88163.4,883,66,6449,537.417,575.556,331265,1514,54,10.2998,0.381474,1.88623,9.99903,0.00000390625,10.2986,0.643664,2.41561,9.99903,0.00000390625,0.00116089,0.000105535,0.000191072,0.000673096,0.00000512695,28,0,2,2,2,12,25,0,0,0,16,0,1,1,0,6,15,0,0,0,12,0,1,1,2,6,10,0,0,0),(33419,21473,'TCP',_binary '192.168.64.22',_binary '54.152.236.153',40350,443,0,'2019-09-03 09:57:08.436725','2019-09-03 10:00:00.943701',172.507,38,23,15,19,9,10,2524,1526,998,257.447,620.038,2590,0,61.7826,130.332,517,0,557.467,893.964,2590,0,0.220281,0.133328,0.086953,71.342,17,54,12307,323.868,619.866,384233,2656,66,2947,128.13,130.178,16946.2,583,66,9360,624,893.634,798581,2656,66,172.507,4.66235,15.4565,58.8916,0.00000390625,172.505,7.84114,19.4131,58.8916,0.00000512695,0.00200781,0.000133854,0.000352858,0.00144189,0.00000390625,38,0,2,2,0,17,37,0,0,0,23,0,1,1,0,9,22,0,0,0,15,0,1,1,0,8,15,0,0,0),(33420,21472,'TCP',_binary '192.168.64.22',_binary '185.33.223.83',52518,443,0,'2019-09-03 09:57:08.442685','2019-09-03 09:57:18.780575',10.3379,30,17,13,13,6,7,1972,1130,842,280.667,445.884,1448,0,167.941,286.569,781,0,428.077,559.518,1448,0,2.90195,1.64444,1.25751,1005.23,385,620,10392,346.4,446.067,198976,1514,54,3985,234.412,286.3,81967.4,847,66,6407,492.846,560.482,314140,1514,54,10.3379,0.356479,1.82257,10.0002,0.00000390625,10.3365,0.608028,2.34811,10.0002,0.00000390625,0.00141724,0.000118103,0.000249285,0.000904053,0.00000585938,30,0,2,2,2,12,27,0,0,0,17,0,1,1,0,6,16,0,0,0,13,0,1,1,2,6,11,0,0,0),(33421,21474,'TCP',_binary '192.168.64.22',_binary '172.217.168.168',34242,443,0,'2019-09-03 09:57:08.487652','2019-09-03 09:59:58.850819',170.363,44,26,18,22,12,10,2920,1724,1196,131.659,434.153,2836,0,72.5385,152.523,585,0,217.056,644.055,2836,0,0.258272,0.152615,0.105657,51.1437,21,30,8713,198.023,434.046,188396,2902,66,3610,138.846,152.384,23221,651,66,5103,283.5,643.908,414617,2902,66,170.363,3.96193,14.4536,58.9431,0.000000976563,111.834,4.47335,15.1779,58.9431,0.000000976563,58.5293,3.25163,13.3503,58.2963,0.00000390625,26,0,2,2,0,21,43,0,0,0,26,0,1,1,0,12,25,0,0,0,0,0,1,1,0,9,18,0,0,0),(33422,21447,'TCP',_binary '192.168.64.22',_binary '172.217.16.226',48492,443,0,'2019-09-03 09:57:08.487879','2019-09-03 10:00:07.857869',179.37,72,36,36,38,16,22,4768,2384,2384,106.097,325.619,2362,0,48.8056,101.11,517,0,163.389,441.89,2362,0,0.401405,0.200702,0.200702,69.1699,23,46,12407,172.319,325.549,105982,2428,66,4141,115.028,101.012,10203.4,583,66,8266,229.611,441.81,195196,2428,66,179.37,2.52634,11.4478,58.944,0.00000317383,111.897,3.19707,12.9856,58.944,0.0000078125,67.4727,1.87424,9.67779,58.8486,0.00000317383,36,0,2,2,0,37,71,0,0,0,36,0,1,1,0,16,35,0,0,0,0,0,1,1,0,21,36,0,0,0),(33423,21475,'TCP',_binary '192.168.64.22',_binary '52.94.232.33',49896,443,0,'2019-09-03 09:57:08.488068','2019-09-03 09:58:19.342585',70.8545,47,24,23,14,5,9,2582,1328,1254,281.894,573.382,1822,0,174.458,488.741,1822,0,394,630.843,1509,0,0.663331,0.338722,0.324609,223.43,78,146,15831,336.83,572.934,328253,1876,54,5515,229.792,488.287,238424,1876,54,10316,448.522,630.522,397557,1563,54,70.8545,1.54032,3.44961,10.1391,0.00000390625,16.4657,0.686072,2.21811,10.0699,0.00000390625,54.3888,2.47222,4.22488,10.1391,0.00000390625,47,0,2,2,1,10,45,0,0,0,24,0,1,1,0,5,23,0,0,0,23,0,1,1,1,5,22,0,0,0),(33424,21444,'TCP',_binary '192.168.64.22',_binary '172.217.17.14',41840,443,0,'2019-09-03 09:57:08.488210','2019-09-03 09:57:08.566326',0.078116,17,11,6,7,4,3,1138,734,404,244.824,768.172,3277,0,72,150.727,517,0,561.667,1214.55,3277,0,217.625,140.816,76.8089,67847.8,19535,48313,5300,311.765,767.877,589635,3343,66,1526,138.727,150.397,22619.3,583,66,3774,629,1213.93,1473630,3343,66,0.078116,0.00488225,0.00678496,0.023165,0.00000317383,0.0549087,0.00549087,0.00528995,0.0116951,0.00000317383,0.0232073,0.00386788,0.00862995,0.023165,0.00000366211,11,0,2,2,0,7,16,0,0,0,11,0,1,1,0,4,10,0,0,0,0,0,1,1,0,3,6,0,0,0),(33425,21476,'TCP',_binary '192.168.64.22',_binary '185.64.189.115',49936,443,0,'2019-09-03 09:57:08.519864','2019-09-03 09:59:03.906838',115.387,55,28,27,13,5,8,3670,1880,1790,133.145,439.523,2856,0,87.5,242.521,891,0,180.481,572.818,2856,0,0.476657,0.242662,0.233995,95.2707,38,58,10993,199.873,439.311,192994,2922,66,4330,154.643,242.131,58627.6,957,66,6663,246.778,572.727,328016,2922,66,115.387,2.1368,4.08459,10.2086,0.00000317383,10.6568,0.394695,1.88534,10.0078,0.00000317383,104.73,3.8789,4.87272,10.2086,0.00000390625,54,0,2,2,0,10,54,0,0,0,28,0,1,1,0,5,27,0,0,0,26,0,1,1,0,5,27,0,0,0),(33426,21470,'TCP',_binary '192.168.64.22',_binary '151.139.128.14',44066,80,0,'2019-09-03 09:57:08.594135','2019-09-03 09:58:13.718858',65.1247,24,12,12,3,1,2,1600,800,800,54,143.537,472,0,31.5833,104.75,379,0,76.4167,170.962,472,0,0.368524,0.184262,0.184262,44.4685,18,26,2896,120.667,143.303,20535.6,538,66,1179,98.25,104.572,10935.4,445,66,1717,143.083,170.678,29130.9,538,66,65.1247,2.83151,4.42717,10.206,0.00000610352,10.3212,0.860104,2.75895,10.0104,0.000124023,54.8035,4.98213,4.87984,10.206,0.00000610352,24,0,2,2,0,3,23,0,0,0,12,0,1,1,0,1,11,0,0,0,12,0,1,1,0,2,12,0,0,0),(33427,21468,'TCP',_binary '192.168.64.22',_binary '95.100.120.32',52108,443,0,'2019-09-03 09:57:08.664364','2019-09-03 09:57:08.704730',0.040366,19,12,7,9,4,5,1258,788,470,256.526,472.269,1448,0,72.3333,146.906,517,0,572.286,640.723,1448,0,470.694,297.28,173.413,151910,41025,110885,6132,322.737,472.169,222944,1514,54,1656,138,147.129,21646.8,583,54,4476,639.429,639.708,409226,1514,66,0.040366,0.00224255,0.00317563,0.00937402,0.00000390625,0.0380544,0.00345949,0.00350945,0.00937402,0.0000109863,0.00231152,0.000330218,0.000770393,0.00221704,0.00000390625,19,0,1,2,1,7,17,0,0,0,12,0,1,1,1,4,10,0,0,0,7,0,0,1,0,3,7,0,0,0),(33428,21468,'TCP',_binary '192.168.64.22',_binary '95.100.120.32',52110,443,0,'2019-09-03 09:57:08.664425','2019-09-03 09:57:08.721803',0.0573782,19,12,7,9,4,5,1258,788,470,258.158,665.548,2896,0,72.3333,146.906,517,0,576.714,1002.31,2896,0,331.136,209.139,121.998,107410,28861,78549,6163,324.368,665.477,442860,2962,54,1656,138,147.129,21646.8,583,54,4507,643.857,1001.66,1003320,2962,66,0.0573782,0.00318768,0.00583874,0.0227939,0.00000585938,0.0547383,0.00497621,0.00685973,0.0227939,0.0000168457,0.00263989,0.000377128,0.000889625,0.00255615,0.00000585938,19,0,1,2,1,8,17,0,0,0,12,0,1,1,1,4,10,0,0,0,7,0,0,1,0,4,7,0,0,0),(33429,21477,'TCP',_binary '192.168.64.22',_binary '13.225.10.115',58574,80,0,'2019-09-03 09:57:08.681165','2019-09-03 09:59:33.882533',145.201,36,19,17,2,1,1,2392,1262,1130,54.7778,266.228,1584,0,20.4211,86.6392,388,0,93.1765,372.706,1584,0,0.247932,0.130853,0.117079,30.0548,11,19,4364,121.222,266.143,70831.8,1650,66,1650,86.8421,86.5583,7492.34,454,66,2714,159.647,372.593,138826,1650,66,145.201,4.14861,4.94906,10.5062,0.000013916,10.2366,0.568703,2.33605,10.2005,0.000144043,134.965,7.9391,4.08798,10.5062,0.000013916,36,0,2,2,0,2,35,0,0,0,19,0,1,1,0,1,18,0,0,0,17,0,1,1,0,1,17,0,0,0),(33430,21478,'TCP',_binary '192.168.64.22',_binary '74.125.133.154',34790,443,0,'2019-09-03 09:57:08.750383','2019-09-03 09:59:59.870443',171.12,39,24,15,20,10,10,2590,1592,998,133.359,323.852,1418,0,56.4167,126.686,517,0,256.467,471.574,1418,0,0.22791,0.140252,0.0876577,45.5294,17,28,7791,199.769,323.688,104774,1484,66,2946,122.75,126.547,16014.2,583,66,4845,323,471.288,222112,1484,66,171.12,4.50316,15.3693,58.924,0.000000732422,112.897,4.90857,15.8904,58.924,0.000000732422,58.223,3.88153,14.5122,58.1813,0.00000292969,24,0,2,2,0,19,38,0,0,0,24,0,1,1,0,10,23,0,0,0,0,0,1,1,0,9,15,0,0,0),(33431,21447,'TCP',_binary '192.168.64.22',_binary '172.217.16.226',48510,443,0,'2019-09-03 09:57:08.842303','2019-09-03 10:00:07.856255',179.014,334,133,201,203,53,150,22108,8834,13274,470.895,706.649,2836,0,121.872,305.14,2073,0,701.841,796.378,2836,0,1.86578,0.742959,1.12282,1002.08,140,862,179387,537.087,706.522,499174,2902,66,25043,188.293,304.98,93012.7,2139,66,154344,767.881,796.343,634162,2902,66,179.014,0.537579,5.38295,58.9805,0.00000170898,112.371,0.851296,6.83353,58.9441,0.00000170898,66.6429,0.331557,4.15107,58.9805,0.00000195313,133,0,2,2,0,147,333,0,0,0,133,0,1,1,0,53,132,0,0,0,0,0,1,1,0,94,201,0,0,0),(33432,21479,'TCP',_binary '192.168.64.22',_binary '54.239.26.81',36680,443,0,'2019-09-03 09:57:09.028073','2019-09-03 09:57:11.471813',2.44374,37,19,18,16,5,11,2030,1046,984,473.216,810.918,2920,0,95.6842,231.033,901,0,871.722,993.031,2920,0,15.1407,7.77497,7.36576,7995.53,1172,6824,19539,528.081,810.422,656784,2974,54,2864,150.737,230.64,53194.8,955,54,16675,926.389,992.45,984957,2974,54,2.44374,0.0678817,0.311214,1.89684,0.000000976563,2.41922,0.127328,0.419539,1.89684,0.000000976563,0.0245176,0.00144221,0.00435636,0.0185291,0.00000415039,37,0,2,2,0,13,36,0,0,0,19,0,1,1,0,5,18,0,0,0,18,0,1,1,0,8,18,0,0,0),(33433,21446,'TCP',_binary '192.168.64.22',_binary '172.217.17.1',38734,443,0,'2019-09-03 09:57:09.069576','2019-09-03 09:57:09.126833',0.0572571,19,12,7,9,4,5,1258,788,470,206.263,433.106,1418,0,66,145.676,517,0,446.714,617.435,1418,0,331.837,209.581,122.256,90416.8,27595,62822,5177,272.474,433.023,187509,1484,54,1580,131.667,145.886,21282.7,583,54,3597,513.857,616.614,380213,1484,66,0.0572571,0.00318095,0.00587437,0.0206902,0.000000976563,0.0364656,0.00331505,0.00480823,0.0126489,0.000000976563,0.0207915,0.00297021,0.00723415,0.0206902,0.00000390625,12,0,1,2,1,7,17,0,0,0,12,0,1,1,1,4,10,0,0,0,0,0,0,1,0,3,7,0,0,0),(33434,21480,'TCP',_binary '192.168.64.22',_binary '52.215.101.116',41202,443,0,'2019-09-03 09:57:09.183072','2019-09-03 09:58:12.093551',62.9105,31,18,13,9,4,5,2062,1196,866,250.903,771.245,4096,0,110.222,314.602,1310,0,445.692,1102.74,4096,0,0.492764,0.286121,0.206643,156.413,51,106,9840,317.419,771.08,594564,4162,66,3180,176.667,314.452,98880.1,1376,66,6660,512.308,1102.49,1215480,4162,66,62.9105,2.09702,4.00322,10.1903,0.000013916,12.4832,0.734304,2.36201,10.0098,0.0000310059,50.4273,3.87902,4.90743,10.1903,0.000013916,31,0,2,2,0,9,30,0,0,0,18,0,1,1,0,4,17,0,0,0,13,0,1,1,0,5,13,0,0,0),(33435,21477,'TCP',_binary '192.168.64.22',_binary '13.225.10.115',58586,80,0,'2019-09-03 09:57:09.235958','2019-09-03 09:59:34.884011',145.648,36,19,17,2,1,1,2392,1262,1130,54.7778,266.228,1584,0,20.4211,86.6392,388,0,93.1765,372.706,1584,0,0.247171,0.130451,0.11672,29.9626,11,19,4364,121.222,266.143,70831.8,1650,66,1650,86.8421,86.5583,7492.34,454,66,2714,159.647,372.593,138826,1650,66,145.648,4.16137,4.94417,10.4601,0.0000168457,10.1811,0.565619,2.32593,10.1557,0.000218018,135.467,7.96864,4.05142,10.4601,0.0000168457,36,0,2,2,0,2,35,0,0,0,19,0,1,1,0,1,18,0,0,0,17,0,1,1,0,1,17,0,0,0),(33436,21477,'TCP',_binary '192.168.64.22',_binary '13.225.10.115',58588,80,0,'2019-09-03 09:57:09.294813','2019-09-03 09:59:34.883587',145.589,36,19,17,2,1,1,2392,1262,1130,54.7778,266.228,1584,0,20.4211,86.6392,388,0,93.1765,372.706,1584,0,0.247272,0.130505,0.116767,29.9748,11,19,4364,121.222,266.143,70831.8,1650,66,1650,86.8421,86.5583,7492.34,454,66,2714,159.647,372.593,138826,1650,66,145.589,4.15968,4.94196,10.4041,0.0000117188,10.1198,0.56221,2.31275,10.0979,0.000442871,135.469,7.96876,4.05056,10.4041,0.0000117188,36,0,2,2,0,2,35,0,0,0,19,0,1,1,0,1,18,0,0,0,17,0,1,1,0,1,17,0,0,0),(33437,21481,'TCP',_binary '192.168.64.22',_binary '13.225.13.120',42910,443,0,'2019-09-03 09:57:10.875558','2019-09-03 10:00:01.843633',170.968,58,32,26,29,9,20,3844,2120,1724,464.241,761.391,2896,0,44.25,113.456,517,0,981.154,890.547,2896,0,0.339245,0.187169,0.152075,179.975,21,159,30770,530.517,761.224,579462,2962,66,3536,110.5,113.367,12852,583,66,27234,1047.46,890.209,792472,2962,66,170.968,2.99944,12.7342,58.9922,0.00000292969,170.965,5.51498,16.8609,58.9922,0.00000830078,0.00356738,0.000137207,0.000485416,0.00253101,0.00000292969,58,0,2,2,0,18,57,0,0,0,32,0,1,1,0,9,31,0,0,0,26,0,1,1,0,9,26,0,0,0),(33438,21482,'TCP',_binary '192.168.64.22',_binary '13.225.13.43',49414,443,0,'2019-09-03 09:57:10.875662','2019-09-03 10:00:01.843908',170.968,51,28,23,24,9,15,3382,1856,1526,327.941,645.211,2869,0,51.4286,122.439,517,0,664.565,835.731,2869,0,0.298301,0.163773,0.134528,117.607,19,98,20107,394.255,645.053,416093,2935,66,3296,117.714,122.328,14964.2,583,66,16811,730.913,835.456,697986,2935,66,170.968,3.41936,13.539,58.9924,0.00000219727,112.854,4.17978,14.7839,58.9924,0.00000219727,58.1141,2.5267,11.8505,58.1107,0.00000268555,51,0,2,2,0,17,50,0,0,0,28,0,1,1,0,9,27,0,0,0,23,0,1,1,0,8,23,0,0,0),(33439,21483,'TCP',_binary '192.168.64.22',_binary '52.46.128.194',54756,443,0,'2019-09-03 09:57:11.563127','2019-09-03 09:57:18.647609',7.08448,28,16,12,9,3,6,1576,916,660,216,677.43,3408,0,42.125,126.425,517,0,447.833,977.458,3408,0,3.9523,2.25846,1.69384,1076.15,224,852,7624,272.286,676.726,457958,3462,54,1590,99.375,125.531,15758,571,54,6034,502.833,977.006,954540,3462,54,7.08448,0.262388,1.07019,5.62763,0.000000976563,7.08331,0.472221,1.40088,5.62763,0.000000976563,0.00116797,0.0000973307,0.000211381,0.000785889,0.00000292969,28,0,1,3,1,10,25,0,0,0,16,0,1,2,1,3,13,0,0,0,12,0,0,1,0,7,12,0,0,0),(33440,21484,'TCP',_binary '192.168.64.22',_binary '13.225.242.32',58494,443,0,'2019-09-03 09:57:11.799281','2019-09-03 10:00:01.844012',170.045,36,20,16,16,8,8,2392,1328,1064,196.556,454.536,1484,0,51.35,116.299,517,0,378.062,623.417,1484,0,0.211709,0.117616,0.0940929,55.6795,14,42,9468,263,454.347,206432,1550,66,2355,117.75,116.136,13487.5,583,66,7113,444.562,623.117,388275,1550,66,170.045,4.85842,15.8796,58.9924,0.00000488281,111.845,5.59223,16.7922,58.9924,0.00000927734,58.2001,3.88001,14.5167,58.1965,0.00000488281,36,0,2,2,0,13,35,0,0,0,20,0,1,1,0,8,19,0,0,0,16,0,1,1,0,5,16,0,0,0),(33441,21483,'TCP',_binary '192.168.64.22',_binary '52.46.128.194',54760,443,0,'2019-09-03 09:57:11.813513','2019-09-03 09:57:14.228618',2.4151,34,19,15,12,4,8,1880,1058,822,207.618,626.548,3408,0,77.2632,205.342,794,0,372.733,887.474,3408,0,14.0781,7.86715,6.21091,3701.29,1046,2655,8939,262.912,626.133,392043,3462,54,2526,132.947,204.77,41930.8,848,54,6413,427.533,887.143,787023,3462,54,2.4151,0.073185,0.322341,1.88523,0.000000976563,2.41476,0.134153,0.42698,1.88523,0.000000976563,0.000342773,0.0000228516,0.0000210044,0.0000856934,0.00000390625,34,0,2,2,0,13,33,0,0,0,19,0,1,1,0,4,18,0,0,0,15,0,1,1,0,9,15,0,0,0),(33442,21477,'TCP',_binary '192.168.64.22',_binary '13.225.10.115',58600,80,0,'2019-09-03 09:57:12.023987','2019-09-03 09:59:37.885014',145.861,36,19,17,2,1,1,2392,1262,1130,54.7778,266.228,1584,0,20.4211,86.6392,388,0,93.1765,372.706,1584,0,0.24681,0.130261,0.116549,29.9189,11,19,4364,121.222,266.143,70831.8,1650,66,1650,86.8421,86.5583,7492.34,454,66,2714,159.647,372.593,138826,1650,66,145.861,4.16746,4.95372,10.442,0.0000371094,10.4626,0.581257,2.39157,10.442,0.000191895,135.398,7.96461,4.05345,10.2398,0.0000371094,36,0,2,2,0,2,35,0,0,0,19,0,1,1,0,1,18,0,0,0,17,0,1,1,0,1,17,0,0,0),(33443,21449,'TCP',_binary '192.168.64.22',_binary '216.58.211.34',47644,443,0,'2019-09-03 09:57:12.107050','2019-09-03 09:57:12.196122',0.0890718,19,12,7,8,4,4,1270,800,470,195.684,435.112,1418,0,66,145.676,517,0,418,631.855,1418,0,213.311,134.723,78.5883,55999.8,17873,38127,4988,262.526,434.74,188999,1484,66,1592,132.667,145.39,21138.4,583,66,3396,485.143,631.105,398293,1484,66,0.0890718,0.00494843,0.00774167,0.0214929,0.00000488281,0.072793,0.00661754,0.00840332,0.0214929,0.00000610352,0.0162788,0.00232554,0.00564707,0.016158,0.00000488281,12,0,2,2,0,7,18,0,0,0,12,0,1,1,0,4,11,0,0,0,0,0,1,1,0,3,7,0,0,0),(33444,21485,'TCP',_binary '192.168.64.22',_binary '151.101.129.69',53674,443,0,'2019-09-03 09:57:12.495229','2019-09-03 10:00:07.892260',175.397,276,124,152,163,26,137,18308,8268,10040,878.486,1066.91,4492,0,26.8468,71.9934,517,0,1573.24,994.146,4492,0,1.57357,0.706967,0.866605,1486.74,66,1421,260770,944.819,1066.65,1137750,4558,54,11597,93.5242,72.1514,5205.83,583,54,249173,1639.3,994.063,988161,4558,66,175.397,0.637807,5.90979,58.949,0.000000976563,175.248,1.42478,8.77297,58.949,0.000000976563,0.148799,0.000978938,0.00544011,0.042011,0.00000317383,276,0,1,2,1,73,274,0,0,0,124,0,1,1,1,26,122,0,0,0,152,0,0,1,0,47,152,0,0,0),(33445,21477,'TCP',_binary '192.168.64.22',_binary '13.225.10.115',58606,80,0,'2019-09-03 09:57:12.815402','2019-09-03 09:59:37.885246',145.07,36,19,17,2,1,1,2392,1262,1130,54.7778,266.228,1584,0,20.4211,86.6392,388,0,93.1765,372.706,1584,0,0.248156,0.130971,0.117185,30.0821,11,19,4364,121.222,266.143,70831.8,1650,66,1650,86.8421,86.5583,7492.34,454,66,2714,159.647,372.593,138826,1650,66,145.07,4.14485,4.94897,10.4675,0.0000209961,10.1864,0.56591,2.32724,10.1614,0.000173096,134.883,7.93432,4.09492,10.4675,0.0000209961,36,0,2,2,0,2,35,0,0,0,19,0,1,1,0,1,18,0,0,0,17,0,1,1,0,1,17,0,0,0),(33446,21438,'TCP',_binary '192.168.64.22',_binary '216.58.211.42',57880,443,0,'2019-09-03 09:57:12.816837','2019-09-03 09:57:12.888217',0.0713799,19,12,7,8,4,4,1270,800,470,279.105,663.134,2836,0,66,145.676,517,0,644.429,972.577,2836,0,266.181,168.115,98.0668,92084.8,22303,69782,6573,345.947,662.784,439283,2902,66,1592,132.667,145.39,21138.4,583,66,4981,711.571,971.823,944440,2902,66,0.0713799,0.00396555,0.00628863,0.0206147,0.0000158691,0.0505825,0.00459841,0.00553772,0.0176663,0.0000158691,0.0207974,0.00297105,0.00720302,0.0206147,0.0000161133,12,0,2,2,0,7,18,0,0,0,12,0,1,1,0,4,11,0,0,0,0,0,1,1,0,3,7,0,0,0),(33447,21486,'TCP',_binary '192.168.64.22',_binary '151.101.65.69',58676,443,0,'2019-09-03 09:57:12.850526','2019-09-03 09:57:12.976827',0.126301,17,11,6,8,4,4,1126,722,404,301.471,655.057,2526,0,75.9091,151.102,517,0,715,953.751,2526,0,134.599,87.0937,47.5056,49493,12328,37165,6251,367.706,654.961,428974,2592,54,1557,141.545,151.347,22905.9,583,54,4694,782.333,952.756,907743,2592,66,0.126301,0.0078938,0.0155046,0.0402297,0.0000090332,0.124145,0.0124145,0.0181602,0.0402297,0.0000109863,0.00215625,0.000359375,0.000750256,0.00203687,0.0000090332,17,0,1,2,1,7,15,0,0,0,11,0,1,1,1,4,9,0,0,0,6,0,0,1,0,3,6,0,0,0),(33448,21486,'TCP',_binary '192.168.64.22',_binary '151.101.65.69',58678,443,0,'2019-09-03 09:57:12.850613','2019-09-03 09:57:12.960382',0.109769,17,11,6,8,4,4,1126,722,404,301.471,699.336,2880,0,75.9091,151.102,517,0,715,1039.02,2880,0,154.871,100.21,54.6602,56946.8,14184,42763,6251,367.706,699.246,488946,2946,54,1557,141.545,151.347,22905.9,583,54,4694,782.333,1038.11,1077660,2946,66,0.109769,0.00686057,0.0130888,0.0343889,0.00000976562,0.107415,0.0107415,0.0152823,0.0343889,0.00000976562,0.00235425,0.000392375,0.000810761,0.00220508,0.0000109863,17,0,1,2,1,7,15,0,0,0,11,0,1,1,1,4,9,0,0,0,6,0,0,1,0,3,6,0,0,0),(33449,21486,'TCP',_binary '192.168.64.22',_binary '151.101.65.69',58680,443,0,'2019-09-03 09:57:12.850707','2019-09-03 09:57:12.995078',0.144371,19,12,7,9,4,5,1258,788,470,269.737,477.364,1440,0,69.5833,146.183,517,0,612.857,628.872,1440,0,131.605,83.1191,48.4862,44212.5,11242,32971,6383,335.947,477.26,227777,1506,54,1623,135.25,146.4,21433,583,54,4760,680,627.763,394087,1506,66,0.144371,0.00802062,0.0169028,0.0462319,0.00000683594,0.142718,0.0129744,0.0201058,0.0462319,0.0000109863,0.00165283,0.000236119,0.000518132,0.00150488,0.00000683594,19,0,1,2,1,7,17,0,0,0,12,0,1,1,1,4,10,0,0,0,7,0,0,1,0,3,7,0,0,0),(33450,21486,'TCP',_binary '192.168.64.22',_binary '151.101.65.69',58682,443,0,'2019-09-03 09:57:12.850777','2019-09-03 09:57:12.963422',0.112645,17,11,6,8,4,4,1126,722,404,301.471,655.057,2526,0,75.9091,151.102,517,0,715,953.751,2526,0,150.916,97.6517,53.2646,55492.8,13822,41671,6251,367.706,654.961,428974,2592,54,1557,141.545,151.347,22905.9,583,54,4694,782.333,952.756,907743,2592,66,0.112645,0.00704033,0.0133276,0.0350972,0.00000585938,0.110573,0.0110573,0.0155199,0.0350972,0.0000109863,0.00207202,0.000345337,0.000712409,0.00193799,0.00000585938,17,0,1,2,1,7,15,0,0,0,11,0,1,1,1,4,9,0,0,0,6,0,0,1,0,3,6,0,0,0),(33451,21486,'TCP',_binary '192.168.64.22',_binary '151.101.65.69',58684,443,0,'2019-09-03 09:57:12.850842','2019-09-03 09:57:12.980043',0.129201,19,12,7,9,4,5,1258,788,470,269.737,477.364,1440,0,69.5833,146.183,517,0,612.857,628.872,1440,0,147.058,92.8786,54.1792,49403.7,12562,36842,6383,335.947,477.26,227777,1506,54,1623,135.25,146.4,21433,583,54,4760,680,627.763,394087,1506,66,0.129201,0.00717783,0.0148515,0.0407031,0.00000610352,0.1271,0.0115546,0.0176456,0.0407031,0.0000090332,0.00210059,0.000300084,0.000688709,0.00198682,0.00000610352,19,0,1,2,1,7,17,0,0,0,12,0,1,1,1,4,10,0,0,0,7,0,0,1,0,3,7,0,0,0),(33452,21487,'TCP',_binary '192.168.64.22',_binary '172.217.19.195',47964,443,0,'2019-09-03 09:57:13.223111','2019-09-03 10:00:03.877485',170.654,41,24,17,20,11,9,2722,1592,1130,180.951,488.457,2362,0,111.792,345.509,1690,0,278.588,624.986,2362,0,0.240252,0.140635,0.0996165,59.4242,25,34,10141,247.341,488.316,238452,2428,66,4275,178.125,345.405,119304,1756,66,5866,345.059,624.779,390349,2428,66,170.654,4.26636,14.9753,58.9193,0.00000170898,111.916,4.8659,15.7559,58.9193,0.00000170898,58.7386,3.45521,13.808,58.6873,0.00000488281,24,0,2,2,0,19,40,0,0,0,24,0,1,1,0,11,23,0,0,0,0,0,1,1,0,8,17,0,0,0),(33453,21447,'TCP',_binary '192.168.64.22',_binary '172.217.16.226',48554,443,0,'2019-09-03 09:57:13.294399','2019-09-03 09:57:13.356786',0.0623872,17,11,6,8,4,4,1126,722,404,218.706,454.49,1418,0,72,150.727,517,0,487.667,657.12,1418,0,272.492,176.318,96.1736,77644.1,24268,53376,4844,284.941,454.394,206474,1484,54,1514,137.636,150.963,22789.9,583,54,3330,555,656.137,430515,1484,66,0.0623872,0.0038992,0.00605848,0.0210652,0.00000708008,0.0412344,0.00412344,0.00465588,0.0105342,0.00000708008,0.0211528,0.00352547,0.007844,0.0210652,0.0000100098,11,0,1,2,1,7,15,0,0,0,11,0,1,1,1,4,9,0,0,0,0,0,0,1,0,3,6,0,0,0),(33454,21444,'TCP',_binary '192.168.64.22',_binary '172.217.17.14',41900,443,0,'2019-09-03 09:57:13.294626','2019-09-03 09:57:13.351100',0.0564739,17,11,6,8,4,4,1126,722,404,244.824,529.116,1859,0,72,150.727,517,0,561.667,772.29,1859,0,301.024,194.78,106.244,93636.2,26809,66827,5288,311.059,529.022,279865,1925,54,1514,137.636,150.963,22789.9,583,54,3774,629,771.326,594943,1925,66,0.0564739,0.00352962,0.00615836,0.022218,0.00000683594,0.0341487,0.00341487,0.00442584,0.0102646,0.00000683594,0.0223252,0.00372087,0.00827218,0.022218,0.0000129395,11,0,1,2,1,7,15,0,0,0,11,0,1,1,1,4,9,0,0,0,0,0,0,1,0,3,6,0,0,0),(33455,21488,'TCP',_binary '192.168.64.22',_binary '104.89.196.248',59150,443,0,'2019-09-03 09:57:13.295017','2019-09-03 09:59:12.880092',119.585,58,33,25,19,8,11,3832,2174,1658,216.845,479.213,2648,0,102.909,214.309,698,0,367.24,657.569,2648,0,0.48501,0.275954,0.209056,137.216,47,91,16409,282.914,479.187,229620,2714,54,5570,168.788,214.382,45959.7,764,54,10839,433.56,657.392,432165,2714,66,119.585,2.09798,4.0185,10.2387,0.00000585938,14.1365,0.428379,1.81677,10.0645,0.00000878906,105.449,4.39369,4.97098,10.2387,0.00000585938,58,0,1,2,2,17,56,0,0,0,33,0,1,1,1,8,31,0,0,0,25,0,0,1,1,9,25,0,0,0),(33456,21489,'TCP',_binary '192.168.64.22',_binary '91.228.74.185',36580,443,0,'2019-09-03 09:57:13.348838','2019-09-03 09:58:13.879086',60.5302,33,19,14,10,4,6,2194,1262,932,312.697,804.954,3381,0,52.3158,132.69,517,0,666.071,1134.25,3381,0,0.545182,0.313893,0.231289,206.723,37,169,12513,379.182,804.768,647651,3447,66,2256,118.737,132.536,17565.7,583,66,10257,732.643,1133.92,1285780,3447,66,60.5302,1.89157,3.90861,10.2967,0.00000390625,10.7163,0.595352,2.35301,10.2967,0.0000158691,49.8139,3.55814,4.78155,10.1958,0.00000390625,33,0,2,2,0,8,32,0,0,0,19,0,1,1,0,4,18,0,0,0,14,0,1,1,0,4,14,0,0,0),(33457,21490,'TCP',_binary '192.168.64.22',_binary '198.252.206.25',33930,443,0,'2019-09-03 09:57:13.405189','2019-09-03 09:57:16.998573',3.59338,28,16,12,13,7,6,1840,1064,776,195.857,550.592,2896,0,84.375,165.428,517,0,344.5,795.109,2896,0,7.7921,4.45263,3.33947,2038.19,672,1366,7324,261.571,550.707,303278,2962,54,2414,150.875,165.184,27285.7,583,66,4910,409.167,795.704,633145,2962,54,3.59338,0.133088,0.556437,2.96215,0.000000976563,0.629407,0.039338,0.0493491,0.10497,0.000000976563,2.96398,0.269452,0.851505,2.96215,0.00000585938,28,0,2,2,2,12,25,0,0,0,16,0,1,1,0,7,15,0,0,0,12,0,1,1,2,5,10,0,0,0),(33458,21447,'TCP',_binary '192.168.64.22',_binary '172.217.16.226',48564,443,0,'2019-09-03 09:57:13.416279','2019-09-03 09:57:13.479828',0.0635488,17,11,6,8,4,4,1126,722,404,274.353,623.897,2361,0,72,150.727,517,0,645.333,921.151,2361,0,267.511,173.095,94.4156,91111,23824,67287,5790,340.588,623.806,389134,2427,54,1514,137.636,150.963,22789.9,583,54,4276,712.667,920.222,846808,2427,66,0.0635488,0.0039718,0.00641991,0.0206399,0.00000512695,0.042863,0.0042863,0.00549653,0.015019,0.00000512695,0.0206858,0.00344763,0.00768861,0.0206399,0.00000610352,11,0,1,2,1,7,15,0,0,0,11,0,1,1,1,4,9,0,0,0,0,0,0,1,0,3,6,0,0,0),(33459,21449,'TCP',_binary '192.168.64.22',_binary '216.58.211.34',47676,443,0,'2019-09-03 09:57:13.416502','2019-09-03 09:57:13.479333',0.0628311,15,10,5,7,4,3,994,656,338,247.933,703.384,2834,0,79.2,156.27,517,0,585.4,1124.54,2834,0,238.735,159.157,79.5785,75010.7,23046,51965,4713,314.2,703.302,494634,2900,54,1448,144.8,156.539,24504.4,583,54,3265,653,1123.71,1262720,2900,66,0.0628311,0.00448793,0.00656494,0.0209829,0.0000078125,0.0417512,0.00463902,0.00528509,0.0147551,0.0000078125,0.0210798,0.00421597,0.00838348,0.0209829,0.0000109863,10,0,1,2,1,7,13,0,0,0,10,0,1,1,1,4,8,0,0,0,0,0,0,1,0,3,5,0,0,0),(33460,21446,'TCP',_binary '192.168.64.22',_binary '172.217.17.1',38788,443,0,'2019-09-03 09:57:13.712101','2019-09-03 09:57:13.781632',0.0695308,17,11,6,7,4,3,1138,734,404,230.529,711.81,3034,0,72,150.727,517,0,521.167,1124,3034,0,244.496,158.203,86.2927,72730.4,21947,50783,5057,297.471,711.51,506246,3100,66,1526,138.727,150.397,22619.3,583,66,3531,588.5,1123.39,1262000,3100,66,0.0695308,0.00434567,0.00656979,0.0219131,0.00000292969,0.0475369,0.00475369,0.00535342,0.01378,0.00000292969,0.0219939,0.00366565,0.00816051,0.0219131,0.00000415039,11,0,2,2,0,7,16,0,0,0,11,0,1,1,0,4,10,0,0,0,0,0,1,1,0,3,6,0,0,0),(33461,21447,'TCP',_binary '192.168.64.22',_binary '172.217.16.226',48570,443,0,'2019-09-03 09:57:13.738435','2019-09-03 09:57:13.789780',0.0513447,17,11,6,8,4,4,1126,722,404,218.706,454.49,1418,0,72,150.727,517,0,487.667,657.12,1418,0,331.095,214.238,116.857,94342.7,29487,64856,4844,284.941,454.394,206474,1484,54,1514,137.636,150.963,22789.9,583,54,3330,555,656.137,430515,1484,66,0.0513447,0.00320905,0.00559835,0.0203518,0.00000683594,0.0309033,0.00309033,0.00395642,0.0094231,0.00000683594,0.0204414,0.0034069,0.007578,0.0203518,0.00000805664,11,0,1,2,1,7,15,0,0,0,11,0,1,1,1,4,9,0,0,0,0,0,0,1,0,3,6,0,0,0),(33462,21466,'TCP',_binary '192.168.64.22',_binary '13.225.13.5',46680,443,0,'2019-09-03 09:57:13.861937','2019-09-03 10:00:04.846349',170.984,34,21,13,17,9,8,2260,1394,866,155.206,569.156,3362,0,59.4762,119.173,517,0,309.846,886.321,3362,0,0.198849,0.122818,0.0760303,44.08,15,29,7537,221.676,569.031,323796,3428,66,2643,125.857,118.995,14159.7,583,66,4894,376.462,886.109,785189,3428,66,170.984,5.18135,16.3959,58.9818,0.00000488281,170.981,8.54904,20.3659,58.9818,0.00000488281,0.0036084,0.000277569,0.000738479,0.00281372,0.0000090332,34,0,2,2,0,17,33,0,0,0,21,0,1,1,0,9,20,0,0,0,13,0,1,1,0,8,13,0,0,0),(33463,21491,'TCP',_binary '192.168.64.22',_binary '199.166.0.24',45164,443,0,'2019-09-03 09:57:13.862418','2019-09-03 09:57:24.260732',10.3983,89,45,44,43,7,36,5866,2978,2888,1013.72,1406.86,5792,0,207.578,658.614,2896,0,1838.18,1488.45,5792,0,8.55908,4.32762,4.23146,9240.63,1185,8056,96087,1079.63,1406.93,1979440,5858,54,12319,273.756,658.559,433700,2962,66,83768,1903.82,1488.9,2216830,5858,54,10.3983,0.118163,1.05942,9.99909,0.00000366211,10.3774,0.230608,1.47275,9.99909,0.00000830078,0.0209617,0.000487481,0.00181272,0.00997388,0.00000366211,89,0,2,2,2,11,86,0,0,0,45,0,1,1,0,5,44,0,0,0,44,0,1,1,2,6,42,0,0,0),(33464,21492,'TCP',_binary '192.168.64.22',_binary '91.228.74.196',55448,443,0,'2019-09-03 09:57:13.920714','2019-09-03 09:58:17.890847',63.9701,32,19,13,10,5,5,2128,1262,866,228.938,636.144,3381,0,149.842,344.085,1211,0,344.538,894.757,3381,0,0.500233,0.297014,0.20322,147.788,64,84,9454,295.438,635.967,404454,3447,66,4109,216.263,343.906,118271,1277,66,5345,411.154,894.522,800170,3447,66,63.9701,2.06355,3.94699,10.1942,0.0000129395,13.8063,0.767019,2.36551,10.0184,0.0000129395,50.1638,3.85875,4.88377,10.1942,0.0000229492,32,0,2,2,0,10,31,0,0,0,19,0,1,1,0,5,18,0,0,0,13,0,1,1,0,5,13,0,0,0),(33465,21493,'TCP',_binary '192.168.64.22',_binary '52.94.225.95',48322,443,0,'2019-09-03 09:57:14.211633','2019-09-03 09:57:22.665842',8.45421,37,20,17,13,4,9,2042,1112,930,223.405,520.519,1931,0,128.25,410.345,1845,0,335.353,606.969,1931,0,4.37652,2.36569,2.01083,1219.27,435,784,10308,278.595,520.025,270426,1985,54,3677,183.85,409.875,167997,1899,54,6631,390.059,606.585,367945,1985,54,8.45421,0.234839,1.02857,6.03542,0.00000195313,8.45307,0.444899,1.38243,6.03542,0.00000195313,0.00113452,0.0000667366,0.000112007,0.000447021,0.00000415039,37,0,2,2,0,13,36,0,0,0,20,0,1,1,0,4,19,0,0,0,17,0,1,1,0,9,17,0,0,0),(33466,21494,'TCP',_binary '192.168.64.22',_binary '199.166.0.32',46414,443,0,'2019-09-03 09:57:14.260594','2019-09-03 09:57:24.437260',10.1767,41,21,20,18,4,14,2698,1394,1304,664.049,1108.61,4096,0,48.2381,132.093,517,0,1310.65,1298.04,4096,0,4.02882,2.06354,1.96528,2940.45,237,2704,29924,729.854,1108.74,1229300,4162,54,2407,114.619,131.964,17414.6,583,66,27517,1375.85,1298.85,1687020,4162,54,10.1767,0.254417,1.55441,9.96136,0.00000292969,10.1741,0.484483,2.11916,9.96136,0.00000292969,0.00252319,0.0001328,0.000336676,0.00146875,0.00000292969,41,0,2,2,2,9,38,0,0,0,21,0,1,1,0,4,20,0,0,0,20,0,1,1,2,5,18,0,0,0),(33467,21495,'TCP',_binary '192.168.64.22',_binary '74.125.140.157',48520,443,0,'2019-09-03 09:57:14.260762','2019-09-03 10:00:04.873048',170.612,47,26,21,22,11,11,3118,1724,1394,298.362,701.016,2836,0,157.923,547.625,2836,0,472.238,820.917,2836,0,0.275478,0.152392,0.123086,100.468,34,66,17141,364.702,700.873,491223,2902,66,5830,224.231,547.539,299799,2902,66,11311,538.619,820.699,673547,2902,66,170.612,3.70896,14.0366,58.9248,0.00000292969,111.87,4.30269,14.9025,58.9248,0.00000292969,58.7422,2.93711,12.7826,58.6553,0.00000683594,26,0,2,2,0,19,46,0,0,0,26,0,1,1,0,10,25,0,0,0,0,0,1,1,0,9,21,0,0,0),(33468,21447,'TCP',_binary '192.168.64.22',_binary '172.217.16.226',48584,443,0,'2019-09-03 09:57:14.390578','2019-09-03 09:57:14.468015',0.0774368,19,12,7,8,4,4,1270,800,470,195.632,434.965,1418,0,66,145.676,517,0,417.857,631.63,1418,0,245.361,154.965,90.3963,64400.9,20559,43842,4987,262.474,434.593,188871,1484,66,1592,132.667,145.39,21138.4,583,66,3395,485,630.879,398009,1484,66,0.0774368,0.00430204,0.00662329,0.021353,0.00000415039,0.0559412,0.00508556,0.00589539,0.0139348,0.00000415039,0.0214956,0.0030708,0.0074637,0.021353,0.00000585938,12,0,2,2,0,7,18,0,0,0,12,0,1,1,0,4,11,0,0,0,0,0,1,1,0,3,7,0,0,0),(33469,21477,'TCP',_binary '192.168.64.22',_binary '13.225.10.115',58654,80,0,'2019-09-03 09:57:14.424781','2019-09-03 09:59:39.886973',145.462,36,19,17,2,1,1,2392,1262,1130,54.7778,266.228,1584,0,20.4211,86.6392,388,0,93.1765,372.706,1584,0,0.247487,0.130618,0.116869,30.0009,11,19,4364,121.222,266.143,70831.8,1650,66,1650,86.8421,86.5583,7492.34,454,66,2714,159.647,372.593,138826,1650,66,145.462,4.15606,4.94232,10.3941,0.0000280762,10.1117,0.561761,2.31041,10.0878,0.000400146,135.35,7.96179,4.05898,10.3941,0.0000280762,36,0,2,2,0,2,35,0,0,0,19,0,1,1,0,1,18,0,0,0,17,0,1,1,0,1,17,0,0,0),(33470,21496,'TCP',_binary '192.168.64.22',_binary '35.168.241.152',39196,443,0,'2019-09-03 09:57:14.461153','2019-09-03 10:00:05.948602',171.487,58,33,25,30,11,19,3844,2186,1658,583.397,1083.8,4400,0,148.97,448.225,1926,0,1156.84,1371.86,4400,0,0.338217,0.192434,0.145783,219.73,41,178,37681,649.672,1083.66,1174310,4466,66,7102,215.212,448.146,200835,1992,66,30579,1223.16,1371.59,1881260,4466,66,171.487,3.00855,12.6976,58.8917,0.000000976563,171.435,5.35735,16.5714,58.8917,0.000000976563,0.0524087,0.00209635,0.00813775,0.0409871,0.00000415039,58,0,2,2,0,23,57,0,0,0,33,0,1,1,0,11,32,0,0,0,25,0,1,1,0,12,25,0,0,0),(33471,21497,'TCP',_binary '192.168.64.22',_binary '104.244.38.20',53856,443,0,'2019-09-03 09:57:14.949405','2019-09-03 09:57:16.944859',1.99545,26,16,10,13,6,7,1720,1052,668,361.5,645.57,2896,0,210.938,361.465,1057,0,602.4,883.303,2896,0,13.0296,8.01822,5.01139,5572.17,2219,3354,11119,427.654,645.492,416660,2962,54,4427,276.688,361.629,130775,1123,54,6692,669.2,882.761,779266,2962,66,1.99545,0.0798182,0.228553,1.15877,0.00000488281,1.99488,0.12468,0.275734,1.15877,0.00000708008,0.000574463,0.0000638292,0.000112197,0.000378906,0.00000488281,26,0,1,2,2,12,24,0,0,0,16,0,1,1,1,6,14,0,0,0,10,0,0,1,1,6,10,0,0,0),(33472,21458,'TCP',_binary '192.168.64.22',_binary '216.58.214.162',59372,443,0,'2019-09-03 09:57:14.951142','2019-09-03 09:57:15.033970',0.0828281,17,11,6,8,4,4,1126,722,404,218.647,454.335,1418,0,72,150.727,517,0,487.5,656.885,1418,0,205.244,132.805,72.4392,58470.5,18279,40192,4843,284.882,454.239,206333,1484,54,1514,137.636,150.963,22789.9,583,54,3329,554.833,655.902,430207,1484,66,0.0828281,0.00517676,0.008352,0.0266248,0.00000512695,0.0561187,0.00561187,0.00721849,0.0225178,0.0000158691,0.0267095,0.00445158,0.00991615,0.0266248,0.00000512695,11,0,1,2,1,7,15,0,0,0,11,0,1,1,1,4,9,0,0,0,0,0,0,1,0,3,6,0,0,0),(33473,21497,'TCP',_binary '192.168.64.22',_binary '104.244.38.20',53860,443,0,'2019-09-03 09:57:14.951205','2019-09-03 09:57:26.313903',11.3627,26,14,12,11,5,6,1708,932,776,348.808,846.258,4096,0,217.5,442.357,1545,0,502,1131.28,4096,0,2.28819,1.2321,1.05609,948.454,350,598,10777,414.5,846.394,716383,4162,54,3977,284.071,442.081,195436,1611,66,6800,566.667,1131.88,1281150,4162,54,11.3627,0.454508,1.95237,9.99957,0.00000488281,11.3612,0.811513,2.55284,9.99957,0.00000708008,0.00151855,0.00013805,0.000183071,0.000522217,0.00000488281,26,0,2,2,2,11,23,0,0,0,14,0,1,1,0,5,13,0,0,0,12,0,1,1,2,6,10,0,0,0),(33474,21498,'TCP',_binary '192.168.64.22',_binary '23.37.163.47',58310,443,0,'2019-09-03 09:57:14.974117','2019-09-03 09:59:10.885876',115.912,150,77,73,66,9,57,9904,5078,4826,745.233,1063.41,4344,0,44.6364,135.578,520,0,1484.22,1113.74,4344,0,1.29409,0.664298,0.629789,1049.84,73,976,121689,811.26,1063.39,1130790,4410,54,8515,110.584,135.605,18388.6,586,54,113174,1550.33,1113.59,1240080,4410,66,115.912,0.777931,2.67324,10.3109,0.000000976563,10.7267,0.139308,1.13167,10.0033,0.00000195313,105.185,1.4609,3.53786,10.3109,0.000000976563,150,0,1,2,2,24,148,0,0,0,77,0,1,1,1,9,75,0,0,0,73,0,0,1,1,15,73,0,0,0),(33475,21499,'TCP',_binary '192.168.64.22',_binary '3.223.196.70',43764,443,0,'2019-09-03 09:57:14.984968','2019-09-03 09:58:15.699190',60.7142,32,18,14,9,4,5,2128,1196,932,197.188,461.203,1543,0,110,313.755,1306,0,309.286,580.76,1543,0,0.527059,0.296471,0.230588,138.979,52,87,8438,263.688,460.994,212515,1609,66,3176,176.444,313.605,98347.9,1372,66,5262,375.857,580.46,336933,1609,66,60.7142,1.95852,3.92321,10.1381,0.0000090332,10.9647,0.644984,2.34259,10.0132,0.0000290527,49.7495,3.55353,4.77268,10.1381,0.0000090332,32,0,2,2,0,8,31,0,0,0,18,0,1,1,0,4,17,0,0,0,14,0,1,1,0,4,14,0,0,0),(33476,21500,'TCP',_binary '192.168.64.22',_binary '88.221.65.25',47574,443,0,'2019-09-03 09:57:15.116395','2019-09-03 09:57:55.133895',40.0175,85,42,43,43,7,36,5590,2780,2810,697.706,982.475,4344,0,28.2381,91.0946,517,0,1351.6,1017.16,4344,0,2.12407,1.04954,1.07453,1621.67,99,1523,64895,763.471,982.646,965593,4410,54,3966,94.4286,91.0437,8288.96,583,66,60929,1416.95,1018.03,1036390,4410,54,40.0175,0.476399,4.33691,39.9875,0.000000976563,40.0156,0.952753,6.0962,39.9875,0.000000976563,0.00187036,0.0000445324,0.000087981,0.000379883,0.00000195313,85,0,2,2,3,20,81,0,0,0,42,0,1,1,0,7,41,0,0,0,43,0,1,1,3,13,40,0,0,0),(33477,21439,'TCP',_binary '192.168.64.22',_binary '172.217.16.225',59402,443,0,'2019-09-03 09:57:16.969028','2019-09-03 09:57:17.030532',0.0615039,17,11,6,8,4,4,1126,722,404,336,734.372,2907,0,72,150.727,517,0,820,1060.35,2907,0,276.405,178.85,97.5548,111180,24616,86564,6838,402.235,734.275,539160,2973,54,1514,137.636,150.963,22789.9,583,54,5324,887.333,1059.32,1122160,2973,66,0.0615039,0.00384399,0.00639846,0.0208762,0.0000119629,0.0404968,0.00404968,0.00540041,0.0125029,0.0000229492,0.0210071,0.00350118,0.00777036,0.0208762,0.0000119629,11,0,1,2,1,7,15,0,0,0,11,0,1,1,1,4,9,0,0,0,0,0,0,1,0,3,6,0,0,0),(33478,21490,'TCP',_binary '192.168.64.22',_binary '198.252.206.25',33972,443,0,'2019-09-03 09:57:17.184077','2019-09-03 10:03:24.746235',367.562,24,15,9,12,8,4,1588,986,602,75.4167,148.393,573,0,91.8667,178.054,573,0,48,68.4073,195,0,0.0652951,0.0408094,0.0244857,9.24469,6,3,3398,141.583,148.346,22006.6,639,54,2364,157.6,178.23,31766.1,639,54,1034,114.889,67.8273,4600.54,261,66,367.562,15.981,62.0967,300.182,0.0000178223,0.648563,0.0463259,0.0497333,0.139868,0.00009375,366.914,40.7682,94.0471,300.182,0.0000178223,24,0,1,2,1,12,22,0,0,0,15,0,1,1,1,8,13,0,0,0,9,0,0,1,0,4,9,0,0,0),(33479,21501,'TCP',_binary '192.168.64.22',_binary '209.132.181.16',42248,443,0,'2019-09-03 09:57:39.299788','2019-09-03 09:57:40.123849',0.824061,46,24,22,22,8,14,3040,1580,1460,675.978,1394.33,5392,0,39.1667,104.652,517,0,1370.68,1768.64,5392,0,55.8211,29.1241,26.6971,41422.9,3058,38365,34135,742.065,1394.29,1944030,5458,54,2520,105,104.756,10973.8,583,54,31615,1437.05,1768.35,3127080,5458,66,0.824061,0.0183125,0.048438,0.158679,0.00000415039,0.813236,0.0353581,0.0631861,0.158679,0.00000415039,0.0108245,0.000492021,0.00196002,0.00946704,0.00000805664,46,0,1,2,1,16,44,0,0,0,24,0,1,1,1,8,22,0,0,0,22,0,0,1,0,8,22,0,0,0),(33480,21502,'TCP',_binary '192.168.64.22',_binary '185.141.165.254',36180,443,0,'2019-09-03 09:57:39.998234','2019-09-03 09:57:40.242835',0.244601,44,23,21,20,7,13,2908,1514,1394,718.727,1360.57,4344,0,41.1739,110.483,517,0,1460.81,1676.83,4344,0,179.885,94.0308,85.8542,141177,10061,131116,34532,784.818,1360.52,1851030,4410,54,2461,107,110.589,12229.9,583,54,32071,1527.19,1676.5,2810640,4410,66,0.244601,0.00568839,0.0124465,0.0413279,0.0000100098,0.217611,0.0098914,0.0159493,0.0413279,0.0000131836,0.02699,0.00128524,0.00358034,0.013501,0.0000100098,44,0,1,2,1,14,42,0,0,0,23,0,1,1,1,7,21,0,0,0,21,0,0,1,0,7,21,0,0,0),(33481,21502,'TCP',_binary '192.168.64.22',_binary '185.141.165.254',36182,443,0,'2019-09-03 09:57:40.238100','2019-09-03 09:57:40.515035',0.276935,44,23,21,20,7,13,2908,1514,1394,735.273,1599.25,7240,0,40.913,110.115,517,0,1495.76,2058.9,7240,0,158.882,83.052,75.8301,127322,8865,118457,35260,801.364,1599.21,2557460,7306,54,2455,106.739,110.22,12148.5,583,54,32805,1562.14,2058.63,4237950,7306,66,0.276935,0.00644034,0.0131614,0.0432539,0.00000195313,0.2287,0.0103955,0.0166551,0.0432539,0.00000195313,0.0482344,0.00229687,0.00552616,0.0186892,0.00000683594,44,0,1,2,1,14,42,0,0,0,23,0,1,1,1,7,21,0,0,0,21,0,0,1,0,7,21,0,0,0),(33482,21503,'TCP',_binary '192.168.64.22',_binary '152.19.134.198',47368,443,0,'2019-09-03 09:57:40.735526','2019-09-03 09:57:41.331454',0.595928,46,24,22,22,7,15,3040,1580,1460,692.37,1437.38,5792,0,38.9167,107.696,517,0,1405.23,1825.74,5792,0,77.1905,40.2733,36.9172,58545.7,4219,54327,34889,758.457,1437.34,2065960,5858,54,2514,104.75,107.797,11620.1,583,54,32375,1471.59,1825.46,3332320,5858,66,0.595928,0.0132428,0.034512,0.113288,0,0.56655,0.0246326,0.0453316,0.113288,0,0.0293779,0.00133536,0.00324432,0.00997998,0.0000126953,46,0,1,2,1,15,44,0,0,0,24,0,1,1,1,7,22,0,0,0,22,0,0,1,0,8,22,0,0,0),(33483,21504,'TCP',_binary '192.168.64.22',_binary '104.236.0.104',41988,443,0,'2019-09-03 09:57:41.875611','2019-09-03 09:57:42.432354',0.556743,27,17,10,13,7,6,1798,1130,668,275.148,669.084,3036,0,64.3529,129.474,517,0,633.5,988.062,3036,0,48.4963,30.5347,17.9616,16573.2,3995,12579,9227,341.741,668.844,447352,3102,66,2224,130.824,129.254,16706.6,583,66,7003,700.3,987.552,975259,3102,66,0.556743,0.0214132,0.0424985,0.108834,0.00000390625,0.553595,0.0345997,0.049824,0.108834,0.00000390625,0.00314795,0.000314795,0.000829635,0.00280225,0.00000610352,27,0,2,2,0,12,26,0,0,0,17,0,1,1,0,7,16,0,0,0,10,0,1,1,0,5,10,0,0,0),(33484,21505,'TCP',_binary '192.168.64.22',_binary '88.221.64.14',50794,80,0,'2019-09-03 09:57:42.410108','2019-09-03 09:57:42.737194',0.327086,12,7,5,3,1,2,808,470,338,286.833,608.654,1818,0,25.1429,61.5872,176,0,653.2,808.514,1818,0,36.6876,21.4011,15.2865,12993.5,1975,11019,4250,354.167,608.033,369704,1884,66,646,92.2857,61.1829,3743.35,242,66,3604,720.8,807.227,651615,1884,66,0.327086,0.0297351,0.0922993,0.321603,0.00000708008,0.00538599,0.000897664,0.000761429,0.0019021,0.0000810547,0.3217,0.06434,0.128631,0.321603,0.00000708008,12,0,2,2,0,2,11,0,0,0,7,0,1,1,0,1,6,0,0,0,5,0,1,1,0,1,5,0,0,0),(33485,21505,'TCP',_binary '192.168.64.22',_binary '88.221.64.14',50796,80,0,'2019-09-03 09:57:42.741694','2019-09-03 09:57:42.771067',0.0293728,10,6,4,2,1,1,676,404,272,59.9,140.119,462,0,22.8333,51.0569,137,0,115.5,200.052,462,0,340.451,204.271,136.18,43407.5,18418,24989,1275,127.5,139.47,19451.8,528,66,541,90.1667,50.5451,2554.81,203,66,734,183.5,198.924,39570.8,528,66,0.0293728,0.00326364,0.00752797,0.024479,0.0000219727,0.00477856,0.000955713,0.000648309,0.00157886,0.0000546875,0.0245942,0.00614856,0.0105831,0.024479,0.0000219727,10,0,2,2,0,2,9,0,0,0,6,0,1,1,0,1,5,0,0,0,4,0,1,1,0,1,4,0,0,0),(33486,21506,'TCP',_binary '192.168.64.22',_binary '45.55.41.223',40586,80,0,'2019-09-03 09:57:43.070527','2019-09-03 09:57:43.297707',0.22718,9,5,4,3,1,2,610,338,272,124.111,204.397,613,0,35,70,175,0,235.5,256.012,613,0,39.6162,22.009,17.6072,7601.9,2258,5344,1727,191.889,203.342,41347.9,679,66,513,102.6,69.2693,4798.24,241,66,1214,303.5,254.189,64612.2,679,66,0.22718,0.0283975,0.0486859,0.112778,0.0000090332,0.225902,0.0564754,0.0562462,0.112778,0.0000227051,0.00127832,0.00031958,0.000513055,0.00120801,0.0000090332,9,0,1,2,0,3,8,0,0,0,5,0,0,1,0,1,4,0,0,0,4,0,1,1,0,2,4,0,0,0),(33487,21507,'TCP',_binary '192.168.64.22',_binary '216.58.211.46',50942,443,0,'2019-09-03 09:57:45.813029','2019-09-03 09:57:45.889137',0.0761079,17,11,6,7,4,3,1138,734,404,303.882,885.736,3779,0,72,150.727,517,0,729,1379.08,3779,0,223.367,144.532,78.8354,82829.8,20050,62779,6304,370.824,885.417,783962,3845,66,1526,138.727,150.397,22619.3,583,66,4778,796.333,1378.38,1899940,3845,66,0.0761079,0.00475674,0.00648042,0.0209119,0.00000708008,0.0549749,0.00549749,0.00542603,0.0120918,0.00000708008,0.0211331,0.00352218,0.00777692,0.0209119,0.0000170898,11,0,2,2,0,7,16,0,0,0,11,0,1,1,0,4,10,0,0,0,0,0,1,1,0,3,6,0,0,0),(33488,21445,'TCP',_binary '192.168.64.22',_binary '195.8.11.143',43310,443,0,'2019-09-03 09:57:53.032488','2019-09-03 09:59:20.319037',87.2866,20541,7499,13042,13049,21,13028,1359198,498442,860756,1121.78,1012.5,10136,0,3.07174,61.2418,1270,0,1765.03,692.166,10136,0,235.328,85.9124,149.416,279558,5974,273584,24401700,1187.95,1012.32,1024780,10202,54,521477,69.5395,61.2688,3753.86,1336,66,23880200,1831.02,692.169,479098,10202,54,87.2866,0.00424959,0.158885,10.4445,0,66.5846,0.00887913,0.20754,10.4445,0,20.702,0.00158745,0.122365,10.239,0.000000976563,7501,0,2,2,2,713,20538,0,0,0,7499,0,1,1,0,21,7498,0,0,0,2,0,1,1,2,692,13040,0,0,0),(33489,21508,'TCP',_binary '192.168.64.22',_binary '173.194.19.135',46546,443,0,'2019-09-03 09:57:53.101523','2019-09-03 09:57:53.511662',0.410139,19,11,8,8,4,4,1270,734,536,652.789,1387.95,4782,0,121.727,233.766,698,0,1383,1891.85,4782,0,46.3257,26.8202,19.5056,33337.5,5054,28283,13673,719.632,1387.56,1925320,4848,66,2073,188.455,233.398,54474.6,764,66,11600,1450,1891.12,3576340,4848,66,0.410139,0.0227855,0.0281953,0.0667541,0.000012207,0.341291,0.0310265,0.0279706,0.063615,0.0000129395,0.0688479,0.00983541,0.0232463,0.0667541,0.000012207,11,0,1,2,1,7,18,0,0,0,11,0,1,1,0,4,10,0,0,0,0,0,0,1,1,3,8,0,0,0),(33490,21445,'TCP',_binary '192.168.64.22',_binary '195.8.11.143',43314,443,0,'2019-09-03 09:57:54.007790','2019-09-03 09:58:24.346638',30.3388,259,126,133,129,4,125,17086,8324,8762,876.737,1025.34,4344,0,14.5794,116.739,1194,0,1693.52,814.292,4344,0,8.53691,4.15309,4.38382,8047.8,335,7713,244161,942.707,1025.37,1051380,4410,54,10161,80.6429,116.734,13626.7,1260,66,234000,1759.4,814.543,663481,4410,54,30.3388,0.117592,1.07626,10.239,0.00000292969,10.0371,0.0796597,0.888948,10.0184,0.00000610352,20.3017,0.153801,1.2276,10.239,0.00000292969,128,0,2,2,2,10,256,0,0,0,126,0,1,1,0,4,125,0,0,0,2,0,1,1,2,6,131,0,0,0),(33491,21509,'TCP',_binary '192.168.64.22',_binary '85.236.55.6',50740,443,0,'2019-09-03 09:58:02.570408','2019-09-03 09:58:02.897750',0.327342,46,24,22,21,7,14,3040,1580,1460,670.413,1351.99,5288,0,39.2083,108.106,517,0,1359,1703.06,5288,0,140.526,73.3179,67.208,103497,7701,95796,33879,736.5,1351.95,1827780,5354,54,2521,105.042,108.206,11708.5,583,54,31358,1425.36,1702.77,2899430,5354,66,0.327342,0.00727426,0.0166438,0.0556099,0.00000292969,0.29323,0.0127492,0.0214075,0.0556099,0.00000292969,0.0341113,0.00155051,0.00483874,0.0194199,0.00000292969,46,0,1,2,1,14,44,0,0,0,24,0,1,1,1,7,22,0,0,0,22,0,0,1,0,7,22,0,0,0),(33492,21510,'TCP',_binary '192.168.64.22',_binary '193.137.29.15',38576,80,0,'2019-09-03 09:58:02.863219','2019-09-03 09:58:03.232514',0.369295,5377,2037,3340,3338,1,3337,354898,134450,220448,1125.81,1105.16,8208,0,0.071674,3.23408,146,0,1812.38,849.7,8208,0,14560.2,5515.92,9044.26,17353100,364468,16988587,6408400,1191.82,1105.16,1221370,8274,66,134596,66.0756,3.23884,10.4901,212,66,6273800,1878.38,849.695,721981,8274,66,0.369295,0.0000686933,0.000597664,0.0353711,0,0.20646,0.000101405,0.000567333,0.019521,0,0.162834,0.0000487528,0.000614566,0.0353711,0.00000268555,5377,0,2,2,0,23,5376,0,0,0,2037,0,1,1,0,1,2036,0,0,0,3340,0,1,1,0,22,3340,0,0,0),(33493,21511,'TCP',_binary '192.168.64.22',_binary '52.33.147.163',43560,443,0,'2019-09-03 09:58:54.494961','2019-09-03 10:00:44.855323',110.36,45,26,19,13,6,7,2986,1724,1262,180.689,418.278,1566,0,164.231,386.964,1199,0,203.211,456.71,1566,0,0.407755,0.235592,0.172163,100.734,54,46,11117,247.044,418.128,174831,1632,66,5994,230.538,386.836,149642,1265,66,5123,269.632,456.526,208416,1632,66,110.36,2.50819,4.15399,10.454,0.000017334,33.1939,1.32776,3.28029,10.454,0.000017334,77.1664,4.06139,4.64288,10.0708,0.0000197754,45,0,2,2,0,12,44,0,0,0,26,0,1,1,0,6,25,0,0,0,19,0,1,1,0,6,19,0,0,0),(33494,21512,'TCP',_binary '192.168.64.22',_binary '140.82.114.3',36034,443,0,'2019-09-03 09:58:55.759165','2019-09-03 09:58:56.080449',0.321284,12,9,3,6,4,2,796,590,206,454.167,1012.44,3636,0,192.778,367.331,1130,0,1238.33,1695.71,3636,0,37.3501,28.0126,9.33753,19440.7,7237,12204,6246,520.5,1012.3,1024750,3702,54,2325,258.333,367.596,135127,1196,54,3921,1307,1693.77,2868850,3702,74,0.321284,0.0292077,0.0457081,0.1069,0.0000109863,0.32115,0.0401437,0.0493373,0.1069,0.0000109863,0.000134277,0.0000447591,0.00000391303,0.000050293,0.0000419922,12,0,1,2,1,6,10,0,0,0,9,0,1,1,1,4,7,0,0,0,3,0,0,1,0,2,3,0,0,0),(33495,21512,'TCP',_binary '192.168.64.22',_binary '140.82.114.3',36036,443,0,'2019-09-03 09:58:55.983208','2019-09-03 10:00:01.999911',66.0167,156,79,77,71,8,63,10288,5222,5066,619.013,849.375,5696,0,81.1013,286.556,1185,0,1170.9,880.867,5696,0,2.36304,1.19667,1.16637,1618.59,176,1442,106854,684.962,849.414,721504,5762,54,11629,147.203,286.529,82098.9,1251,66,95225,1236.69,881.146,776418,5762,54,66.0167,0.425914,1.91594,10.4471,0.000000976563,14.7168,0.186288,1.18061,10.4471,0.000000976563,51.2999,0.674999,2.43227,10.1351,0.00000292969,156,0,2,2,2,65,153,0,0,0,79,0,1,1,0,8,78,0,0,0,77,0,1,1,2,57,75,0,0,0),(33496,21513,'TCP',_binary '192.168.64.22',_binary '34.194.228.114',46516,443,0,'2019-09-03 09:58:56.015379','2019-09-03 10:00:02.337327',66.3219,42,24,18,15,7,8,2788,1592,1196,291,595.304,2896,0,259.875,524.675,1780,0,332.5,675.901,2896,0,0.633274,0.361871,0.271403,226.32,118,108,15010,357.381,595.12,354168,2962,66,7829,326.208,524.513,275114,1846,66,7181,398.944,675.685,456550,2962,66,66.3219,1.61761,3.48277,10.164,0.00000708008,16.9289,0.736039,2.11714,10.164,0.0000107422,49.3931,2.74406,4.43165,10.1388,0.00000708008,42,0,2,2,0,14,41,0,0,0,24,0,1,1,0,7,23,0,0,0,18,0,1,1,0,7,18,0,0,0),(33497,21455,'TCP',_binary '192.168.64.22',_binary '151.101.36.133',40460,443,0,'2019-09-03 09:58:56.862495','2019-09-03 10:00:52.167149',115.305,45,25,20,11,4,7,2974,1646,1328,188.133,523.446,2788,0,39.28,119.098,517,0,374.2,732.422,2788,0,0.39027,0.216817,0.173454,99.2154,23,76,11440,254.222,523.42,273968,2854,54,2628,105.12,119.185,14205.1,583,54,8812,440.6,732.22,536146,2854,66,115.305,2.62056,4.39345,10.248,0.00000317383,10.8335,0.451398,2.04284,10.248,0.00000390625,104.471,5.22356,5.00354,10.2054,0.00000317383,45,0,1,2,1,9,43,0,0,0,25,0,1,1,1,4,23,0,0,0,20,0,0,1,0,5,20,0,0,0),(33498,21455,'TCP',_binary '192.168.64.22',_binary '151.101.36.133',40462,443,0,'2019-09-03 09:58:56.863427','2019-09-03 10:00:52.205801',115.342,42,23,19,9,4,5,2776,1514,1262,139.357,409.528,1864,0,44.087,135.842,591,0,254.684,569.306,1864,0,0.364133,0.199406,0.164727,74.8121,22,53,8629,205.452,409.504,167693,1930,54,2528,109.913,135.932,18477.4,657,54,6101,321.105,569.121,323898,1930,66,115.342,2.81323,4.48767,10.2356,0.00000317383,10.9258,0.496628,2.12534,10.2356,0.00000317383,104.417,5.49561,4.98184,10.2005,0.00000585938,42,0,1,2,1,8,40,0,0,0,23,0,1,1,1,4,21,0,0,0,19,0,0,1,0,4,19,0,0,0),(33499,21455,'TCP',_binary '192.168.64.22',_binary '151.101.36.133',40464,443,0,'2019-09-03 09:58:56.986694','2019-09-03 10:00:53.167575',116.181,78,42,36,27,4,23,5152,2768,2384,489.385,835.148,2880,0,23.4048,93.9676,517,0,1033.03,975.712,2880,0,0.671367,0.361505,0.309862,372.901,32,341,43324,555.436,835.12,697426,2946,54,3751,89.3095,94.0176,8839.31,583,54,39573,1099.25,975.478,951557,2946,66,116.181,1.50884,3.5584,10.2055,0.00000219727,11.6782,0.284834,1.55815,10.0896,0.00000219727,104.503,2.90285,4.54627,10.2055,0.00000415039,78,0,1,2,1,12,76,0,0,0,42,0,1,1,1,4,40,0,0,0,36,0,0,1,0,8,36,0,0,0),(33500,21514,'TCP',_binary '192.168.64.22',_binary '140.82.113.5',47556,443,0,'2019-09-03 09:58:57.197543','2019-09-03 10:00:02.317371',65.1198,45,25,20,17,9,8,2962,1658,1304,432.689,872.371,3402,0,483.48,930.178,2848,0,369.2,789.636,3402,0,0.691034,0.383908,0.307126,344.488,211,133,22433,498.511,872.464,761194,3468,54,13745,549.8,930.013,864925,2914,66,8688,434.4,790.02,624132,3468,54,65.1198,1.48,3.38341,10.1354,0.00000512695,15.7453,0.629813,2.01847,10.1326,0.00000512695,49.3745,2.59866,4.35277,10.1354,0.00000732422,45,0,2,2,2,15,42,0,0,0,25,0,1,1,0,7,24,0,0,0,20,0,1,1,2,8,18,0,0,0),(33501,21512,'TCP',_binary '192.168.64.22',_binary '140.82.114.3',36048,443,0,'2019-09-03 09:58:59.167948','2019-09-03 09:59:59.855006',60.6871,46,24,22,16,5,11,3028,1592,1436,278.043,543.349,2212,0,118.208,318.044,1124,0,452.409,669.832,2212,0,0.757987,0.395471,0.362516,260.649,73,188,15818,343.87,543.446,295334,2278,54,4429,184.542,317.924,101076,1190,66,11389,517.682,670.334,449348,2278,54,60.6871,1.3486,3.36348,10.1354,0.00000219727,11.145,0.464375,1.99635,10.0355,0.00000219727,49.5421,2.35915,4.21576,10.1354,0.00000610352,46,0,2,2,2,15,43,0,0,0,24,0,1,1,0,5,23,0,0,0,22,0,1,1,2,10,20,0,0,0),(33502,21512,'TCP',_binary '192.168.64.22',_binary '140.82.114.3',36050,443,0,'2019-09-03 09:58:59.170503','2019-09-03 09:59:59.669034',60.4985,38,20,18,12,4,8,2500,1328,1172,226.842,512.798,2212,0,86.2,262.251,1119,0,383.111,657.515,2212,0,0.628114,0.330587,0.297528,183.806,50,133,11120,292.632,512.902,263068,2278,54,3052,152.6,262.125,68709.7,1185,66,8068,448.222,658.047,433026,2278,54,60.4985,1.6351,3.64851,10.2201,0.000000976563,11.2188,0.560942,2.21652,10.2201,0.000000976563,49.2797,2.89881,4.49867,10.1361,0.00000268555,38,0,2,2,2,11,35,0,0,0,20,0,1,1,0,4,19,0,0,0,18,0,1,1,2,7,16,0,0,0),(33503,21512,'TCP',_binary '192.168.64.22',_binary '140.82.114.3',36052,443,0,'2019-09-03 09:58:59.170554','2019-09-03 10:00:02.379040',63.2085,51,27,24,19,6,13,3358,1790,1568,322.529,556.79,2212,0,147.852,360.417,1162,0,519.042,663.099,2212,0,0.806854,0.427158,0.379696,313.36,91,222,19807,388.373,556.888,310124,2278,54,5782,214.148,360.299,129815,1228,66,14025,584.375,663.631,440406,2278,54,63.2085,1.26417,3.21417,10.1992,0.00000195313,13.6724,0.506387,1.91343,10.0062,0.00000195313,49.536,2.15374,4.08597,10.1992,0.00000610352,51,0,2,2,2,18,48,0,0,0,27,0,1,1,0,6,26,0,0,0,24,0,1,1,2,12,22,0,0,0),(33504,21512,'TCP',_binary '192.168.64.22',_binary '140.82.114.3',36054,443,0,'2019-09-03 09:58:59.170738','2019-09-03 09:59:59.676834',60.5061,38,20,18,12,4,8,2500,1328,1172,226.684,524.331,2212,0,85.7,260.284,1109,0,383.333,677.123,2212,0,0.628036,0.330545,0.297491,183.684,50,133,11114,292.474,524.433,275030,2278,54,3042,152.1,260.158,67682.1,1175,66,8072,448.444,677.639,459195,2278,54,60.5061,1.6353,3.64821,10.2115,0.000000732422,11.2393,0.561964,2.21431,10.2115,0.000000732422,49.2668,2.89805,4.49992,10.136,0.00000415039,38,0,2,2,2,11,35,0,0,0,20,0,1,1,0,4,19,0,0,0,18,0,1,1,2,7,16,0,0,0),(33505,21512,'TCP',_binary '192.168.64.22',_binary '140.82.114.3',36056,443,0,'2019-09-03 09:58:59.170955','2019-09-03 09:59:59.821647',60.6507,44,23,21,15,5,10,2896,1526,1370,291.659,670.045,3636,0,124.304,326.832,1128,0,474.952,871.445,3636,0,0.725466,0.379221,0.346245,259.338,72,187,15729,357.477,670.132,449076,3702,54,4385,190.652,326.703,106735,1194,66,11344,540.19,871.869,760156,3702,54,60.6507,1.41048,3.42843,10.1355,0.000000976563,11.1761,0.485916,2.04338,10.0673,0.000000976563,49.4746,2.47373,4.28441,10.1355,0.00000488281,44,0,2,2,2,15,41,0,0,0,23,0,1,1,0,5,22,0,0,0,21,0,1,1,2,10,19,0,0,0),(33506,21515,'TCP',_binary '192.168.64.22',_binary '192.30.253.124',35908,443,0,'2019-09-03 09:59:02.318611','2019-09-03 10:03:24.752260',262.434,35,19,16,19,10,9,2314,1250,1064,157.743,576.589,3402,0,82.7895,194.226,752,0,246.75,817.223,3402,0,0.133367,0.0723993,0.0609678,29.8552,11,19,7835,223.857,576.564,332426,3468,54,2823,148.579,194.344,37769.4,818,54,5012,313.25,817.074,667610,3468,66,262.434,7.71864,18.5463,53.8948,0.0000141602,1.0007,0.0555946,0.052248,0.145686,0.0000200195,261.433,16.3396,24.301,53.8948,0.0000141602,35,0,1,2,1,19,33,0,0,0,19,0,1,1,1,10,17,0,0,0,16,0,0,1,0,9,16,0,0,0),(33507,21516,'TCP',_binary '192.168.64.22',_binary '172.217.168.165',54212,443,0,'2019-09-03 09:59:28.889402','2019-09-03 10:02:20.146381',171.257,34,21,13,17,10,7,2260,1394,866,158.324,515.913,3016,0,56.9524,118.432,517,0,322.077,793.76,3016,0,0.198532,0.122623,0.0759093,44.6288,15,30,7643,224.794,515.772,266021,3082,66,2590,123.333,118.261,13985.6,583,66,5053,388.692,793.513,629663,3082,66,171.257,5.18961,16.3969,58.9987,0.00000610352,112.419,5.62095,16.8374,58.9987,0.00000610352,58.838,4.526,15.6718,58.8147,0.0000148926,21,0,2,2,0,17,33,0,0,0,21,0,1,1,0,10,20,0,0,0,0,0,1,1,0,7,13,0,0,0),(33508,21516,'TCP',_binary '192.168.64.22',_binary '172.217.168.165',54214,443,0,'2019-09-03 09:59:29.233573','2019-09-03 10:02:20.145693',170.912,40,23,17,19,10,9,2656,1526,1130,145.85,431.79,2644,0,62.7826,139.809,517,0,258.235,624.721,2644,0,0.234038,0.134572,0.0994663,49.6747,17,32,8490,212.25,431.658,186329,2710,66,2970,129.13,139.662,19505.6,583,66,5520,324.706,624.529,390037,2710,66,170.912,4.38236,15.1731,58.9997,0.00000390625,112.336,5.1062,16.1365,58.9997,0.00000390625,58.5757,3.44563,13.7706,58.5281,0.0000078125,23,0,2,2,0,19,39,0,0,0,23,0,1,1,0,10,22,0,0,0,0,0,1,1,0,9,17,0,0,0),(33509,21440,'TCP',_binary '192.168.64.22',_binary '172.217.16.237',45350,443,0,'2019-09-03 09:59:29.464684','2019-09-03 10:03:17.153509',227.689,48,26,22,24,12,12,3184,1724,1460,106.708,193.872,633,0,83.8462,180.052,633,0,133.727,205.782,626,0,0.210814,0.114191,0.0966231,36.4796,17,19,8306,173.042,193.696,37518,699,66,3904,150.154,179.915,32369.5,699,66,4402,200.091,205.552,42251.7,692,66,227.689,4.84444,15.878,58.9575,0.00000390625,112.193,4.4877,15.2225,58.9575,0.00000390625,115.496,5.24983,16.5822,58.5799,0.00000415039,26,0,2,2,0,24,47,0,0,0,26,0,1,1,0,12,25,0,0,0,0,0,1,1,0,12,22,0,0,0),(33510,21438,'TCP',_binary '192.168.64.22',_binary '216.58.211.42',58008,443,0,'2019-09-03 09:59:29.676951','2019-09-03 10:02:20.146385',170.469,109,47,62,66,12,54,7210,3110,4100,684.321,822.755,2836,0,31.2766,98.5909,634,0,1179.37,783.803,2836,0,0.639411,0.275709,0.363702,479.857,27,453,81801,750.468,822.634,676726,2902,66,4580,97.4468,98.5436,9710.84,700,66,77221,1245.5,783.609,614044,2902,66,170.469,1.57842,9.33978,58.9586,0.00000268555,170.416,3.62587,13.8933,58.9586,0.0000090332,0.0536848,0.000880079,0.0051751,0.0401831,0.00000268555,47,0,2,2,0,28,108,0,0,0,47,0,1,1,0,12,46,0,0,0,0,0,1,1,0,16,62,0,0,0),(33511,21444,'TCP',_binary '192.168.64.22',_binary '172.217.17.14',42014,443,0,'2019-09-03 09:59:29.678864','2019-09-03 09:59:29.748331',0.069467,21,13,8,9,4,5,1402,866,536,222.095,425.724,1418,0,60.9231,141.062,517,0,484,576.73,1418,0,302.302,187.139,115.163,87322,23867,63455,6066,288.857,425.333,180908,1484,66,1658,127.538,140.812,19827.9,583,66,4408,551,575.896,331656,1484,66,0.069467,0.00347335,0.00596966,0.0218601,0.000000976563,0.0475388,0.00396157,0.0048975,0.0112021,0.000000976563,0.0219282,0.00274103,0.00722634,0.0218601,0.00000317383,13,0,2,2,0,7,20,0,0,0,13,0,1,1,0,4,12,0,0,0,0,0,1,1,0,3,8,0,0,0),(33512,21438,'TCP',_binary '192.168.64.22',_binary '216.58.211.42',58012,443,0,'2019-09-03 09:59:29.696188','2019-09-03 09:59:29.733451',0.0372629,15,10,5,7,4,3,994,656,338,114.333,201.37,633,0,90.8,189.178,633,0,161.4,216.218,564,0,402.545,268.363,134.182,72699.6,41972,30728,2709,180.6,201.264,40507,699,54,1564,156.4,189.424,35881.6,699,54,1145,229,215.044,46244,630,66,0.0372629,0.00266164,0.00413489,0.011208,0.0000100098,0.036563,0.00406255,0.00459006,0.011208,0.0000129395,0.000699951,0.00013999,0.000240004,0.000619873,0.0000100098,10,0,1,2,1,7,13,0,0,0,10,0,1,1,1,4,8,0,0,0,0,0,0,1,0,3,5,0,0,0),(33513,21441,'TCP',_binary '192.168.64.22',_binary '216.58.214.163',47834,443,0,'2019-09-03 09:59:29.780220','2019-09-03 10:03:04.151874',214.372,234,98,136,146,30,116,15460,6476,8984,727.867,901.662,4254,0,28.2857,75.8356,631,0,1231.98,887.633,4254,0,1.09156,0.45715,0.634412,866.63,43,823,185781,793.936,901.607,812896,4320,66,9248,94.3673,75.8094,5747.07,697,66,176533,1298.04,887.551,787747,4320,66,214.372,0.92005,6.718,58.9582,0.00000219727,112.297,1.1577,7.97344,58.9582,0.00000219727,102.075,0.750548,5.64866,58.606,0.00000292969,98,0,2,2,0,72,233,0,0,0,98,0,1,1,0,30,97,0,0,0,0,0,1,1,0,42,136,0,0,0),(33514,21517,'TCP',_binary '192.168.64.22',_binary '216.58.201.164',52516,443,0,'2019-09-03 09:59:40.868248','2019-09-03 10:02:33.146609',172.278,139,61,78,81,31,50,9190,4034,5156,45.8345,82.1814,628,0,43.2131,87.469,628,0,47.8846,77.7346,564,0,0.806834,0.354078,0.452756,90.3248,39,52,15561,111.95,82.1227,6744.13,694,66,6670,109.344,87.4101,7640.52,694,66,8891,113.987,77.6766,6033.65,630,66,172.278,1.24839,8.29265,58.9452,0.00000415039,112.401,1.87335,10.0704,58.9452,0.0000119629,59.8775,0.76766,6.56693,58.391,0.00000415039,61,0,2,2,0,81,138,0,0,0,61,0,1,1,0,31,60,0,0,0,0,0,1,1,0,50,78,0,0,0),(33515,21518,'TCP',_binary '192.168.64.22',_binary '104.25.159.7',59908,443,0,'2019-09-03 09:59:42.279717','2019-09-03 10:02:34.138802',171.859,190,88,102,127,37,90,10292,4772,5520,398.816,625.499,2791,0,45.3864,77.1746,517,0,703.735,723.129,2791,0,1.10556,0.512047,0.593509,500.8,51,450,86067,452.984,625.394,391118,2845,54,8766,99.6136,77.07,5939.78,571,54,77301,757.853,723.015,522751,2845,54,171.859,0.909307,7.10685,59.0002,0.000000976563,171.511,1.97139,10.3746,59.0002,0.00000195313,0.347917,0.00341095,0.0286814,0.288784,0.000000976563,190,0,2,2,0,120,189,0,0,0,88,0,1,1,0,37,87,0,0,0,102,0,1,1,0,83,102,0,0,0),(33516,21462,'TCP',_binary '192.168.64.22',_binary '45.56.65.7',53446,443,0,'2019-09-03 09:59:42.623441','2019-09-03 10:00:48.675371',66.0519,51,26,25,18,7,11,3358,1724,1634,464.745,985.379,4344,0,116.692,229.193,695,0,826.72,1291.95,4344,0,0.77212,0.39363,0.37849,409.678,72,338,27060,530.588,985.457,971126,4410,54,4758,183,229.041,52460,761,66,22302,892.08,1292.37,1670210,4410,54,66.0519,1.32104,3.2837,10.3534,0.00000708008,11.8916,0.457368,1.90716,9.98696,0.00000708008,54.1604,2.25668,4.10367,10.3534,0.0000090332,51,0,2,2,2,14,48,0,0,0,26,0,1,1,0,7,25,0,0,0,25,0,1,1,2,7,23,0,0,0),(33517,21519,'TCP',_binary '192.168.64.22',_binary '104.27.147.99',39354,443,0,'2019-09-03 09:59:42.624165','2019-09-03 10:02:33.138878',170.515,32,20,12,16,9,7,1760,1100,660,207.25,553.099,2855,0,61.95,128.352,517,0,449.417,833.362,2855,0,0.187667,0.117292,0.0703752,49.2157,14,35,8392,262.25,552.738,305520,2909,54,2339,116.95,127.943,16369.3,571,54,6053,504.417,832.83,693605,2909,54,170.515,5.50047,16.7974,58.9961,0.00000463867,170.321,8.96425,20.721,58.9961,0.00000878906,0.193994,0.0161662,0.0528339,0.191383,0.00000463867,32,0,2,2,0,15,31,0,0,0,20,0,1,1,0,9,19,0,0,0,12,0,1,1,0,6,12,0,0,0),(33518,21462,'TCP',_binary '192.168.64.22',_binary '45.56.65.7',53450,443,0,'2019-09-03 09:59:42.625012','2019-09-03 10:00:48.767995',66.143,53,27,26,19,8,11,3490,1790,1700,404.132,857.913,3975,0,146.222,264.147,704,0,671.962,1134.49,3975,0,0.801294,0.408207,0.393088,376.593,87,290,24909,469.981,857.988,736144,4041,54,5738,212.519,263.987,69689.2,770,66,19171,737.346,1134.86,1287910,4041,54,66.143,1.27198,3.23006,10.2421,0.00000512695,11.8851,0.440188,1.87678,10.0051,0.00000512695,54.2579,2.17032,4.04263,10.2421,0.0000148926,53,0,2,2,2,16,50,0,0,0,27,0,1,1,0,8,26,0,0,0,26,0,1,1,2,8,24,0,0,0),(33519,21520,'TCP',_binary '192.168.64.22',_binary '104.19.196.151',52284,443,0,'2019-09-03 09:59:42.630275','2019-09-03 09:59:42.654299',0.0240242,17,11,6,8,4,4,950,614,336,302.765,623.88,2336,0,72,150.727,517,0,725.833,885.742,2336,0,707.621,457.872,249.748,253786,58524,195262,6097,358.647,622.988,388115,2390,54,1406,127.818,149.967,22490,571,54,4691,781.833,884.113,781656,2390,54,0.0240242,0.00150151,0.00304537,0.0127061,0.00000585938,0.0222742,0.00222742,0.00363244,0.0127061,0.00000805664,0.00175,0.000291667,0.00063123,0.00170312,0.00000585938,17,0,1,2,1,7,15,0,0,0,11,0,1,1,1,4,9,0,0,0,6,0,0,1,0,3,6,0,0,0),(33520,21520,'TCP',_binary '192.168.64.22',_binary '104.19.196.151',52286,443,0,'2019-09-03 09:59:42.630338','2019-09-03 10:02:33.138000',170.508,58,33,25,31,11,20,3164,1802,1362,448.828,829.733,4173,0,44.5455,107.028,517,0,982.48,1039.98,4173,0,0.340161,0.19354,0.146621,171.23,19,152,29196,503.379,829.44,687970,4227,54,3272,99.1515,106.83,11412.7,571,54,25924,1036.96,1039.53,1080630,4227,54,170.508,2.99136,12.7014,58.9962,0.000000976563,170.5,5.32813,16.5804,58.9962,0.000000976563,0.00740112,0.000296045,0.000964439,0.00460596,0.00000268555,58,0,2,2,0,30,57,0,0,0,33,0,1,1,0,11,32,0,0,0,25,0,1,1,0,19,25,0,0,0),(33521,21520,'TCP',_binary '192.168.64.22',_binary '104.19.196.151',52288,443,0,'2019-09-03 09:59:42.630396','2019-09-03 09:59:42.656871',0.0264751,17,11,6,8,4,4,950,614,336,302.824,624.071,2337,0,72,150.727,517,0,726,886.045,2337,0,642.113,415.485,226.628,230330,53107,177223,6098,358.706,623.18,388354,2391,54,1406,127.818,149.967,22490,571,54,4692,782,884.416,782192,2391,54,0.0264751,0.00165469,0.0034254,0.0140371,0.00000292969,0.0222009,0.00222009,0.00405276,0.0140371,0.00000708008,0.00427417,0.000712362,0.00157902,0.00424316,0.00000292969,17,0,1,2,1,7,15,0,0,0,11,0,1,1,1,4,9,0,0,0,6,0,0,1,0,3,6,0,0,0),(33522,21462,'TCP',_binary '192.168.64.22',_binary '45.56.65.7',53458,443,0,'2019-09-03 09:59:43.023633','2019-09-03 10:00:48.609840',65.5862,32,16,16,7,4,3,2104,1064,1040,91.7188,279.879,1383,0,85.5625,212.416,704,0,97.875,333.868,1383,0,0.487907,0.243954,0.243954,76.8302,37,40,5039,157.469,279.984,78390.9,1449,54,2433,152.062,212.224,45038.9,770,66,2606,162.875,334.192,111684,1449,54,65.5862,2.11568,3.97301,10.4414,0.00000708008,11.4402,0.715011,2.39938,10.0044,0.00000708008,54.146,3.60974,4.70704,10.4414,0.0000358887,32,0,2,2,2,7,29,0,0,0,16,0,1,1,0,4,15,0,0,0,16,0,1,1,2,3,14,0,0,0),(33523,21462,'TCP',_binary '192.168.64.22',_binary '45.56.65.7',53460,443,0,'2019-09-03 09:59:43.253450','2019-09-03 10:00:48.766589',65.5131,32,16,16,7,4,3,2104,1064,1040,66.3438,180.766,693,0,84.875,210.422,693,0,47.8125,142.788,582,0,0.488452,0.244226,0.244226,64.5214,37,28,4227,132.094,180.893,32722.4,759,54,2422,151.375,210.229,44196.4,759,66,1805,112.812,143.195,20504.9,648,54,65.5131,2.11333,3.97151,10.1758,0.00000708008,11.4386,0.714914,2.44347,10.1758,0.00000708008,54.0745,3.60497,4.68165,10.1141,0.0000241699,32,0,2,2,2,7,29,0,0,0,16,0,1,1,0,4,15,0,0,0,16,0,1,1,2,3,14,0,0,0),(33524,21462,'TCP',_binary '192.168.64.22',_binary '45.56.65.7',53462,443,0,'2019-09-03 09:59:43.256854','2019-09-03 10:00:48.836624',65.5798,32,16,16,7,4,3,2104,1064,1040,66.3125,180.658,692,0,84.8125,210.242,692,0,47.8125,142.788,582,0,0.487955,0.243978,0.243978,64.4406,37,28,4226,132.062,180.785,32683.2,758,54,2421,151.312,210.049,44120.5,758,66,1805,112.812,143.195,20504.9,648,54,65.5798,2.11548,3.96032,10.122,0.00000830078,11.5518,0.721989,2.42794,10.122,0.00000830078,54.028,3.60186,4.67391,10.0974,0.0000319824,32,0,2,2,2,7,29,0,0,0,16,0,1,1,0,4,15,0,0,0,16,0,1,1,2,3,14,0,0,0),(33525,21462,'TCP',_binary '192.168.64.22',_binary '45.56.65.7',53464,443,0,'2019-09-03 09:59:43.260860','2019-09-03 09:59:48.977876',5.71702,14,8,6,4,3,1,940,536,404,58.3571,150.92,583,0,83.125,189.794,583,0,25.3333,56.6471,152,0,2.44883,1.39933,1.0495,307.328,210,97,1757,125.5,150.504,22651.4,649,66,1201,150.125,189.374,35862.4,649,66,556,92.6667,56.1268,3150.22,218,66,5.71702,0.43977,1.35872,5.14118,0.00000927734,0.574992,0.0821417,0.0703596,0.143179,0.0000219727,5.14202,0.857004,1.91594,5.14118,0.00000927734,14,0,2,2,0,4,13,0,0,0,8,0,1,1,0,3,7,0,0,0,6,0,1,1,0,1,6,0,0,0),(33526,21441,'TCP',_binary '192.168.64.22',_binary '216.58.214.163',47860,443,0,'2019-09-03 09:59:43.830852','2019-09-03 09:59:43.839867',0.00901514,3,2,1,0,0,0,202,128,74,0,0,0,0,0,0,0,0,0,0,0,0,332.774,221.849,110.925,22406.8,14198,8208,202,67.3333,9.42809,88.8889,74,54,128,64,10,100,74,54,74,74,0,0,74,74,0.00901514,0.00450757,0.00447754,0.00898511,0.0000300293,0.00898511,0.00898511,0,0.00898511,0.00898511,0.0000300293,0.0000300293,0,0.0000300293,0.0000300293,2,0,0,2,1,0,1,0,0,0,2,0,0,1,1,0,0,0,0,0,0,0,0,1,0,0,1,0,0,0),(33527,21441,'TCP',_binary '192.168.64.22',_binary '216.58.214.163',47862,443,0,'2019-09-03 09:59:44.544427','2019-09-03 10:02:35.147973',170.604,28,17,11,13,8,5,1864,1130,734,68.5714,154.703,629,0,60.8824,147.872,629,0,80.4545,163.996,564,0,0.164123,0.0996462,0.064477,22.1801,13,9,3784,135.143,154.463,23858.8,695,66,2165,127.353,147.69,21812.3,695,66,1619,147.182,163.655,26782.9,630,66,170.604,6.31865,17.8839,58.9994,0.0000170898,112.193,7.01205,18.566,58.9994,0.0000249023,58.4107,5.31006,16.7916,58.4099,0.0000170898,17,0,2,2,0,13,27,0,0,0,17,0,1,1,0,8,16,0,0,0,0,0,1,1,0,5,11,0,0,0),(33528,21435,'TCP',_binary '192.168.64.22',_binary '216.58.201.174',56638,443,0,'2019-09-03 09:59:44.614719','2019-09-03 10:02:38.149072',173.534,144,63,81,83,16,67,9520,4166,5354,724.764,944.032,4254,0,38.4127,107.768,517,0,1258.59,961.223,4254,0,0.829807,0.363041,0.466766,656.273,38,618,113886,790.875,943.947,891037,4320,66,6586,104.54,107.727,11605.1,583,66,107300,1324.69,961.094,923702,4320,66,173.534,1.21353,8.1492,58.9587,0.00000488281,112.263,1.8107,9.91402,58.9587,0.00000512695,61.2709,0.756431,6.44414,58.3618,0.00000488281,63,0,2,2,0,41,143,0,0,0,63,0,1,1,0,16,62,0,0,0,0,0,1,1,0,25,81,0,0,0),(33529,21521,'TCP',_binary '192.168.64.22',_binary '216.58.214.161',33898,443,0,'2019-09-03 09:59:45.881475','2019-09-03 10:03:19.151823',213.27,245,101,144,146,41,105,16186,6674,9512,410.433,742.089,4327,0,41.5743,78.5799,517,0,669.146,877.643,4327,0,1.14878,0.473577,0.675199,547.39,51,496,116742,476.498,742.054,550644,4393,66,10873,107.653,78.542,6168.84,583,66,105869,735.201,877.601,770184,4393,66,213.27,0.874059,6.66245,58.9594,0.000000976563,112.694,1.12694,7.85497,58.9594,0.000000976563,100.577,0.69845,5.68248,58.8043,0.00000195313,101,0,2,2,0,131,244,0,0,0,101,0,1,1,0,41,100,0,0,0,0,0,1,1,0,90,144,0,0,0),(33530,21439,'TCP',_binary '192.168.64.22',_binary '172.217.16.225',59508,443,0,'2019-09-03 09:59:46.538858','2019-09-03 09:59:46.621320',0.0824622,17,11,6,7,4,3,1138,734,404,336.118,1012.52,4327,0,72,150.727,517,0,820.333,1581.37,4327,0,206.155,133.395,72.7607,83092.7,18505,64587,6852,403.059,1012.21,1024570,4393,66,1526,138.727,150.397,22619.3,583,66,5326,887.667,1580.68,2498540,4393,66,0.0824622,0.00515389,0.00685715,0.0220291,0.00000390625,0.0603738,0.00603738,0.0057232,0.0138518,0.00000488281,0.0220884,0.0036814,0.00820532,0.0220291,0.00000390625,11,0,2,2,0,7,16,0,0,0,11,0,1,1,0,4,10,0,0,0,0,0,1,1,0,3,6,0,0,0),(33531,21439,'TCP',_binary '192.168.64.22',_binary '172.217.16.225',59510,443,0,'2019-09-03 09:59:46.538964','2019-09-03 09:59:46.612431',0.073467,19,12,7,8,4,4,1270,800,470,300.632,694.671,2836,0,66,145.676,517,0,702.857,1008.61,2836,0,258.619,163.339,95.2808,95035.8,21670,73366,6982,367.474,694.311,482068,2902,66,1592,132.667,145.39,21138.4,583,66,5390,770,1007.81,1015690,2902,66,0.073467,0.0040815,0.00611188,0.0206521,0.00000512695,0.0526943,0.00479039,0.00516375,0.0141321,0.00000512695,0.0207727,0.00296753,0.0072197,0.0206521,0.00000708008,12,0,2,2,0,7,18,0,0,0,12,0,1,1,0,4,11,0,0,0,0,0,1,1,0,3,7,0,0,0),(33532,21522,'TCP',_binary '192.168.64.22',_binary '172.217.168.169',56010,443,0,'2019-09-03 09:59:46.541633','2019-09-03 10:03:17.152326',210.611,80,41,39,46,20,26,5296,2714,2582,139.438,372.314,2836,0,56.7317,109.488,517,0,226.385,506.943,2836,0,0.379848,0.194672,0.185176,78.1109,24,54,16451,205.637,372.241,138564,2902,66,5040,122.927,109.394,11967,583,66,11411,292.59,506.853,256900,2902,66,210.611,2.66596,11.6137,58.9584,0.00000292969,112.379,2.80948,12.2282,58.9584,0.00000292969,98.2316,2.51876,10.9458,58.2428,0.00000317383,41,0,2,2,0,45,79,0,0,0,41,0,1,1,0,20,40,0,0,0,0,0,1,1,0,25,39,0,0,0),(33533,21522,'TCP',_binary '192.168.64.22',_binary '172.217.168.169',56012,443,0,'2019-09-03 09:59:46.564834','2019-09-03 09:59:46.748997',0.184163,17,11,6,8,4,4,1126,722,404,273.588,529.815,1846,0,72,150.727,517,0,643.167,736.604,1846,0,92.3096,59.7297,32.5799,31369,8221,23148,5777,339.824,529.709,280591,1912,54,1514,137.636,150.963,22789.9,583,54,4263,710.5,735.445,540880,1912,66,0.184163,0.0115102,0.0311452,0.129863,0.00000708008,0.160795,0.0160795,0.0380976,0.129863,0.0000361328,0.0233674,0.00389457,0.0086533,0.0232439,0.00000708008,11,0,1,2,1,7,15,0,0,0,11,0,1,1,1,4,9,0,0,0,0,0,0,1,0,3,6,0,0,0),(33534,21522,'TCP',_binary '192.168.64.22',_binary '172.217.168.169',56014,443,0,'2019-09-03 09:59:46.564897','2019-09-03 09:59:46.774306',0.209409,19,12,7,8,4,4,1270,800,470,244.789,508.14,1846,0,66,145.676,517,0,551.286,718.141,1846,0,90.7315,57.3041,33.4274,28274.8,7602,20672,5921,311.632,507.74,257800,1912,66,1592,132.667,145.39,21138.4,583,66,4329,618.429,717.269,514474,1912,66,0.209409,0.0116338,0.030746,0.134482,0.00000708008,0.178978,0.0162708,0.0376838,0.134482,0.0000161133,0.0304309,0.00434727,0.0106017,0.0303159,0.00000708008,12,0,2,2,0,7,18,0,0,0,12,0,1,1,0,4,11,0,0,0,0,0,1,1,0,3,7,0,0,0),(33535,21443,'TCP',_binary '192.168.64.22',_binary '216.58.201.163',58174,80,0,'2019-09-03 09:59:46.610635','2019-09-03 10:01:42.142692',115.532,32,17,15,2,1,1,2128,1130,998,33.8125,136.928,701,0,22.4118,89.6471,381,0,46.7333,174.86,701,0,0.276979,0.147145,0.129834,27.7845,13,15,3210,100.312,136.818,18719.2,767,66,1511,88.8824,89.5491,8019.04,447,66,1699,113.267,174.729,30530.2,767,66,115.532,3.72684,4.84397,10.2317,0.0000109863,10.2701,0.641882,2.45501,10.1501,0.000102051,105.262,7.01746,4.5917,10.2317,0.0000109863,17,0,2,2,0,2,31,0,0,0,17,0,1,1,0,1,16,0,0,0,0,0,1,1,0,1,15,0,0,0),(33536,21443,'TCP',_binary '192.168.64.22',_binary '216.58.201.163',58176,80,0,'2019-09-03 09:59:46.620083','2019-09-03 10:01:42.144366',115.524,32,17,15,2,1,1,2128,1130,998,33.8125,136.928,701,0,22.4118,89.6471,381,0,46.7333,174.86,701,0,0.276998,0.147155,0.129843,27.7864,13,15,3210,100.312,136.818,18719.2,767,66,1511,88.8824,89.5491,8019.04,447,66,1699,113.267,174.729,30530.2,767,66,115.524,3.72659,4.84211,10.2299,0.0000109863,10.2819,0.64262,2.45172,10.1381,0.000151123,105.242,7.01616,4.591,10.2299,0.0000109863,17,0,2,2,0,2,31,0,0,0,17,0,1,1,0,1,16,0,0,0,0,0,1,1,0,1,15,0,0,0),(33537,21522,'TCP',_binary '192.168.64.22',_binary '172.217.168.169',56020,443,0,'2019-09-03 09:59:46.662374','2019-09-03 09:59:46.844111',0.181737,15,10,5,7,4,3,994,656,338,310.067,809.838,3264,0,79.2,156.27,517,0,771.8,1264.47,3264,0,82.5368,55.0246,27.5123,31061.4,7968,23094,5645,376.333,809.747,655690,3330,54,1448,144.8,156.539,24504.4,583,54,4197,839.4,1263.49,1596420,3330,66,0.181737,0.0129812,0.0320289,0.126195,0.00000585938,0.160371,0.017819,0.0386046,0.126195,0.00000585938,0.0213665,0.00427329,0.00847689,0.0212271,0.0000161133,10,0,1,2,1,7,13,0,0,0,10,0,1,1,1,4,8,0,0,0,0,0,0,1,0,3,5,0,0,0),(33538,21522,'TCP',_binary '192.168.64.22',_binary '172.217.168.169',56022,443,0,'2019-09-03 09:59:46.668658','2019-09-03 10:03:17.154573',210.486,378,155,223,232,37,195,24964,10238,14726,685.063,834.644,2836,0,27.2581,78.7719,517,0,1142.28,816.524,2836,0,1.79584,0.736391,1.05945,1348.87,69,1280,283918,751.106,834.609,696572,2902,66,14463,93.3097,78.7566,6202.6,583,66,269455,1208.32,816.474,666630,2902,66,210.486,0.558318,5.39709,58.9565,0.000000976563,150.171,0.975137,7.01353,58.9565,0.000000976563,60.3148,0.27047,3.88226,58.1101,0.000000976563,155,0,2,2,0,111,377,0,0,0,155,0,1,1,0,37,154,0,0,0,0,0,1,1,0,74,223,0,0,0),(33539,21443,'TCP',_binary '192.168.64.22',_binary '216.58.201.163',58182,80,0,'2019-09-03 09:59:46.709420','2019-09-03 09:59:51.847079',5.13766,7,4,3,0,0,0,478,272,206,0,0,0,0,0,0,0,0,0,0,0,0,1.36249,0.778565,0.583924,93.0385,53,40,478,68.2857,3.61403,13.0612,74,66,272,68,3.4641,12,74,66,206,68.6667,3.77124,14.2222,74,66,5.13766,0.856277,1.90449,5.11483,0.0000200195,5.13757,1.71252,2.40579,5.11483,0.011291,0.0000910645,0.0000303548,0.00000901743,0.0000419922,0.0000200195,4,0,2,2,0,0,6,0,0,0,4,0,1,1,0,0,3,0,0,0,0,0,1,1,0,0,3,0,0,0),(33540,21522,'TCP',_binary '192.168.64.22',_binary '172.217.168.169',56026,443,0,'2019-09-03 09:59:46.885569','2019-09-03 09:59:46.943375',0.0578059,15,10,5,7,4,3,994,656,338,310.067,809.838,3264,0,79.2,156.27,517,0,771.8,1264.47,3264,0,259.489,172.993,86.4963,97654.4,25049,72605,5645,376.333,809.747,655690,3330,54,1448,144.8,156.539,24504.4,583,54,4197,839.4,1263.49,1596420,3330,66,0.0578059,0.00412899,0.0063529,0.021437,0.0000109863,0.0362468,0.00402743,0.00469255,0.0113801,0.0000109863,0.0215591,0.00431182,0.0085626,0.021437,0.0000161133,10,0,1,2,1,7,13,0,0,0,10,0,1,1,1,4,8,0,0,0,0,0,0,1,0,3,5,0,0,0),(33541,21449,'TCP',_binary '192.168.64.22',_binary '216.58.211.34',47840,443,0,'2019-09-03 09:59:47.026183','2019-09-03 09:59:47.097558',0.0713752,17,11,6,7,4,3,1138,734,404,218.765,665.525,2834,0,72,150.727,517,0,487.833,1049.48,2834,0,238.178,154.115,84.0628,68048.8,21380,46669,4857,285.706,665.221,442519,2900,66,1526,138.727,150.397,22619.3,583,66,3331,555.167,1048.87,1100120,2900,66,0.0713752,0.00446095,0.00645256,0.0205151,0.00000292969,0.0507212,0.00507212,0.00553562,0.0120603,0.00000292969,0.0206541,0.00344234,0.0076352,0.0205151,0.00000390625,11,0,2,2,0,7,16,0,0,0,11,0,1,1,0,4,10,0,0,0,0,0,1,1,0,3,6,0,0,0),(33542,21485,'TCP',_binary '192.168.64.22',_binary '151.101.129.69',53870,443,0,'2019-09-03 09:59:47.245844','2019-09-03 10:02:38.178983',170.933,51,29,22,26,10,16,3370,1910,1460,440.569,858.476,2788,0,48.1034,110.375,517,0,957.909,1105.31,2788,0,0.298362,0.169657,0.128705,151.164,19,132,25839,506.647,858.439,736917,2854,54,3305,113.966,110.467,12203.1,583,54,22534,1024.27,1105,1221020,2854,66,170.933,3.41866,13.4786,58.9712,0.000000976563,170.391,6.08538,17.5568,58.9712,0.000000976563,0.542391,0.0246541,0.111701,0.536526,0.00000415039,51,0,1,2,1,23,49,0,0,0,29,0,1,1,1,10,27,0,0,0,22,0,0,1,0,13,22,0,0,0),(33543,21523,'TCP',_binary '192.168.64.22',_binary '92.51.173.90',42104,443,0,'2019-09-03 09:59:49.920205','2019-09-03 10:02:41.187530',171.267,58,33,25,31,10,21,3844,2186,1658,732.293,1280.18,4344,0,40.2121,103.689,517,0,1645.84,1523.52,4344,0,0.338652,0.192681,0.145971,270.437,21,250,46317,798.569,1280.02,1638450,4410,66,3513,106.455,103.604,10733.9,583,66,42804,1712.16,1523.18,2320070,4410,66,171.267,3.00469,12.6817,58.9622,0.00000219727,171.266,5.35207,16.5502,58.9622,0.00000219727,0.00123975,0.0000495898,0.000029904,0.000121826,0.00000585938,58,0,2,2,0,21,57,0,0,0,33,0,1,1,0,10,32,0,0,0,25,0,1,1,0,11,25,0,0,0),(33544,21437,'TCP',_binary '192.168.64.22',_binary '216.58.211.54',53058,443,0,'2019-09-03 10:00:13.372979','2019-09-03 10:03:17.153706',183.781,133,57,76,78,12,66,8794,3770,5024,702.624,812.539,2836,0,27,93.4183,625,0,1209.34,741.435,2836,0,0.723688,0.310152,0.413536,556.331,29,527,102243,768.744,812.436,660052,2902,66,5309,93.1404,93.3837,8720.51,691,66,96934,1275.45,741.264,549472,2902,66,183.781,1.39228,8.55372,58.9566,0.00000268555,112.209,2.00373,10.4126,58.9566,0.00000488281,71.5716,0.941732,6.83444,58.7823,0.00000268555,57,0,2,2,0,27,132,0,0,0,57,0,1,1,0,12,56,0,0,0,0,0,1,1,0,15,76,0,0,0),(33545,21449,'TCP',_binary '192.168.64.22',_binary '216.58.211.34',47848,443,0,'2019-09-03 10:00:26.002274','2019-09-03 10:00:26.076867',0.0745933,17,11,6,7,4,3,1138,734,404,218.647,665.063,2832,0,72,150.727,517,0,487.5,1048.74,2832,0,227.903,147.466,80.4362,65086.3,20458,44629,4855,285.588,664.758,441904,2898,66,1526,138.727,150.397,22619.3,583,66,3329,554.833,1048.12,1098560,2898,66,0.0745933,0.00466208,0.00669332,0.020894,0.0000129395,0.0535308,0.00535308,0.00584335,0.0125298,0.0000148926,0.0210625,0.00351042,0.0077742,0.020894,0.0000129395,11,0,2,2,0,7,16,0,0,0,11,0,1,1,0,4,10,0,0,0,0,0,1,1,0,3,6,0,0,0),(33546,21459,'TCP',_binary '192.168.64.22',_binary '172.217.168.166',49244,443,0,'2019-09-03 10:00:26.120049','2019-09-03 10:03:17.150991',171.031,35,22,13,18,10,8,2326,1460,866,141.886,383.122,1839,0,54.6364,116.742,517,0,289.538,580.891,1839,0,0.204641,0.128632,0.0760096,42.6356,16,27,7292,208.343,382.957,146656,1905,66,2662,121,116.584,13591.8,583,66,4630,356.154,580.589,337083,1905,66,171.031,5.03032,16.1769,58.9595,0.00000488281,112.141,5.34003,16.4726,58.9595,0.00000488281,58.8904,4.53003,15.6745,58.828,0.00000488281,22,0,2,2,0,17,34,0,0,0,22,0,1,1,0,10,21,0,0,0,0,0,1,1,0,7,13,0,0,0),(33547,21502,'TCP',_binary '192.168.64.22',_binary '185.141.165.254',57838,80,0,'2019-09-03 10:00:42.272792','2019-09-03 10:00:42.414937',0.142145,10,5,5,2,1,1,676,338,338,50.7,124.234,414,0,18.6,37.2,93,0,82.8,165.6,414,0,70.3507,35.1753,35.1753,8322.49,3032,5290,1183,118.3,123.62,15282,480,66,431,86.2,36.5316,1334.56,159,66,752,150.4,164.829,27168.6,480,66,0.142145,0.0157939,0.0221512,0.0477541,0.0000239258,0.141561,0.0283123,0.0230352,0.0477541,0.0000239258,0.00058374,0.000145935,0.0000760639,0.000231934,0.0000568848,10,0,2,2,0,2,9,0,0,0,5,0,1,1,0,1,4,0,0,0,5,0,1,1,0,1,5,0,0,0),(33548,21449,'TCP',_binary '192.168.64.22',_binary '216.58.211.34',47854,443,0,'2019-09-03 10:03:24.672602','2019-09-03 10:03:24.721053',0.0484509,9,5,4,2,1,1,598,326,272,215,454.849,1418,0,103.4,206.8,517,0,354.5,614.012,1418,0,185.755,103.197,82.5578,52279.7,17399,34881,2533,281.444,454.672,206726,1484,54,843,168.6,207.298,42972.6,583,54,1690,422.5,612.866,375605,1484,66,0.0484509,0.00605637,0.00501307,0.012344,0.0000297852,0.025718,0.0064295,0.00432221,0.012344,0.00126611,0.0227329,0.00568323,0.0055948,0.0116721,0.0000297852,5,0,1,2,1,1,7,0,0,0,5,0,1,1,1,1,3,0,0,0,0,0,0,1,0,0,4,0,0,0),(33549,21524,'TCP',_binary '192.168.64.22',_binary '52.43.139.170',35746,443,0,'2019-09-03 10:03:25.264126','2019-09-03 10:03:26.299949',1.03582,23,15,8,13,8,5,1522,986,536,608.478,1122.64,3403,0,686.667,1120.1,2896,0,461.875,1112.69,3403,0,22.2046,14.4812,7.72333,14980.4,10896,4085,15517,674.652,1122.55,1260130,3469,54,11286,752.4,1120.27,1255000,2962,54,4231,528.875,1112.28,1237160,3469,66,1.03582,0.0470829,0.0746961,0.169513,0.0000158691,1.03188,0.0737059,0.0825735,0.169513,0.0000158691,0.00394092,0.000492615,0.000655356,0.00162207,0.000052002,23,0,1,2,1,10,21,0,0,0,15,0,1,1,1,5,13,0,0,0,8,0,0,1,0,5,8,0,0,0);
/*!40000 ALTER TABLE `Flows` ENABLE KEYS */;
UNLOCK TABLES;

--
-- Table structure for table `Hosts`
--

DROP TABLE IF EXISTS `Hosts`;
/*!40101 SET @saved_cs_client     = @@character_set_client */;
/*!50503 SET character_set_client = utf8mb4 */;
CREATE TABLE `Hosts` (
  `id` int(10) unsigned NOT NULL AUTO_INCREMENT,
  `ip` varbinary(16) NOT NULL,
  `n_dialogues` int(10) unsigned DEFAULT NULL,
  `rate_dialogues` float unsigned DEFAULT NULL,
  PRIMARY KEY (`id`),
  UNIQUE KEY `uniq_host_id` (`ip`)
) ENGINE=InnoDB AUTO_INCREMENT=93391 DEFAULT CHARSET=utf8mb4 COLLATE=utf8mb4_0900_ai_ci;
/*!40101 SET character_set_client = @saved_cs_client */;

--
-- Dumping data for table `Hosts`
--

LOCK TABLES `Hosts` WRITE;
/*!40000 ALTER TABLE `Hosts` DISABLE KEYS */;
INSERT INTO `Hosts` VALUES (93299,_binary '192.168.64.22',91,0.01),(93300,_binary '52.35.186.10',1,0.01),(93301,_binary '216.58.201.174',1,0.01),(93302,_binary '172.217.16.238',1,0.01),(93303,_binary '216.58.211.54',1,0.01),(93304,_binary '216.58.211.42',1,0.01),(93305,_binary '172.217.16.225',1,0.01),(93306,_binary '172.217.16.237',1,0.01),(93307,_binary '216.58.214.163',1,0.01),(93308,_binary '172.217.168.163',1,0.01),(93309,_binary '216.58.201.163',1,0.01),(93310,_binary '172.217.17.14',1,0.01),(93311,_binary '195.8.11.143',1,0.01),(93312,_binary '172.217.17.1',1,0.01),(93313,_binary '172.217.16.226',1,0.01),(93314,_binary '195.8.11.16',1,0.01),(93315,_binary '216.58.211.34',1,0.01),(93316,_binary '35.167.81.14',1,0.01),(93317,_binary '192.30.253.113',1,0.01),(93318,_binary '93.184.220.29',1,0.01),(93319,_binary '185.199.111.154',1,0.01),(93320,_binary '172.217.168.170',1,0.01),(93321,_binary '151.101.36.133',1,0.01),(93322,_binary '3.224.219.57',1,0.01),(93323,_binary '192.30.253.116',1,0.01),(93324,_binary '216.58.214.162',1,0.01),(93325,_binary '172.217.168.166',1,0.01),(93326,_binary '104.25.158.7',1,0.01),(93327,_binary '104.19.198.151',1,0.01),(93328,_binary '45.56.65.7',1,0.01),(93329,_binary '104.27.146.99',1,0.01),(93330,_binary '195.8.22.57',1,0.01),(93331,_binary '23.10.69.99',1,0.01),(93332,_binary '13.225.13.5',1,0.01),(93333,_binary '205.185.208.52',1,0.01),(93334,_binary '95.100.120.32',1,0.01),(93335,_binary '151.139.237.11',1,0.01),(93336,_binary '151.139.128.14',1,0.01),(93337,_binary '88.221.65.191',1,0.01),(93338,_binary '185.33.223.83',1,0.01),(93339,_binary '54.152.236.153',1,0.01),(93340,_binary '172.217.168.168',1,0.01),(93341,_binary '52.94.232.33',1,0.01),(93342,_binary '185.64.189.115',1,0.01),(93343,_binary '13.225.10.115',1,0.01),(93344,_binary '74.125.133.154',1,0.01),(93345,_binary '54.239.26.81',1,0.01),(93346,_binary '52.215.101.116',1,0.01),(93347,_binary '13.225.13.120',1,0.01),(93348,_binary '13.225.13.43',1,0.01),(93349,_binary '52.46.128.194',1,0.01),(93350,_binary '13.225.242.32',1,0.01),(93351,_binary '151.101.129.69',1,0.01),(93352,_binary '151.101.65.69',1,0.01),(93353,_binary '172.217.19.195',1,0.01),(93354,_binary '104.89.196.248',1,0.01),(93355,_binary '91.228.74.185',1,0.01),(93356,_binary '198.252.206.25',1,0.01),(93357,_binary '199.166.0.24',1,0.01),(93358,_binary '91.228.74.196',1,0.01),(93359,_binary '52.94.225.95',1,0.01),(93360,_binary '199.166.0.32',1,0.01),(93361,_binary '74.125.140.157',1,0.01),(93362,_binary '35.168.241.152',1,0.01),(93363,_binary '104.244.38.20',1,0.01),(93364,_binary '23.37.163.47',1,0.01),(93365,_binary '3.223.196.70',1,0.01),(93366,_binary '88.221.65.25',1,0.01),(93367,_binary '209.132.181.16',1,0.01),(93368,_binary '185.141.165.254',1,0.01),(93369,_binary '152.19.134.198',1,0.01),(93370,_binary '104.236.0.104',1,0.01),(93371,_binary '88.221.64.14',1,0.01),(93372,_binary '45.55.41.223',1,0.01),(93373,_binary '216.58.211.46',1,0.01),(93374,_binary '173.194.19.135',1,0.01),(93375,_binary '85.236.55.6',1,0.01),(93376,_binary '193.137.29.15',1,0.01),(93377,_binary '52.33.147.163',1,0.01),(93378,_binary '140.82.114.3',1,0.01),(93379,_binary '34.194.228.114',1,0.01),(93380,_binary '140.82.113.5',1,0.01),(93381,_binary '192.30.253.124',1,0.01),(93382,_binary '172.217.168.165',1,0.01),(93383,_binary '216.58.201.164',1,0.01),(93384,_binary '104.25.159.7',1,0.01),(93385,_binary '104.27.147.99',1,0.01),(93386,_binary '104.19.196.151',1,0.01),(93387,_binary '216.58.214.161',1,0.01),(93388,_binary '172.217.168.169',1,0.01),(93389,_binary '92.51.173.90',1,0.01),(93390,_binary '52.43.139.170',1,0.01);
/*!40000 ALTER TABLE `Hosts` ENABLE KEYS */;
UNLOCK TABLES;
/*!40103 SET TIME_ZONE=@OLD_TIME_ZONE */;

/*!40101 SET SQL_MODE=@OLD_SQL_MODE */;
/*!40014 SET FOREIGN_KEY_CHECKS=@OLD_FOREIGN_KEY_CHECKS */;
/*!40014 SET UNIQUE_CHECKS=@OLD_UNIQUE_CHECKS */;
/*!40101 SET CHARACTER_SET_CLIENT=@OLD_CHARACTER_SET_CLIENT */;
/*!40101 SET CHARACTER_SET_RESULTS=@OLD_CHARACTER_SET_RESULTS */;
/*!40101 SET COLLATION_CONNECTION=@OLD_COLLATION_CONNECTION */;
/*!40111 SET SQL_NOTES=@OLD_SQL_NOTES */;

-- Dump completed on 2019-11-06 12:07:58
